"","Rk","Player","Pos","Age","Tm","G","GS","MP","FG","FGA","FG.","X3P","X3PA","X3P.","X2P","X2PA","X2P.","eFG.","FT","FTA","FT.","ORB","DRB","TRB","AST","STL","BLK","TOV","PF","PTS","links"
"1","1","Steven Adams","C","26","OKC","3","3","27.3","2.7","8.3",".320","0.0","0.0","","2.7","8.3",".320",".320","0.7","3.3",".200","4.0","7.3","11.3","1.7","0.7","0.3","1.3","2.3","6.0","/players/a/adamsst01.html"
"2","2","Bam Adebayo","C","22","MIA","3","3","31.3","4.7","8.7",".538","0.0","0.7",".000","4.7","8.0",".583",".538","6.0","9.0",".667","2.7","8.3","11.0","5.3","1.0","1.3","3.7","2.7","15.3","/players/a/adebaba01.html"
"3","3","LaMarcus Aldridge","C","34","SAS","2","2","34.0","9.0","16.0",".563","1.5","2.0",".750","7.5","14.0",".536",".609","5.0","6.0",".833","3.5","5.0","8.5","2.0","0.5","1.5","3.5","2.0","24.5","/players/a/aldrila01.html"
"4","4","Nickeil Alexander-Walker","SG","21","NOP","3","0","13.0","1.3","7.7",".174","1.0","4.7",".214","0.3","3.0",".111",".239","0.0","0.0","","0.3","1.7","2.0","2.7","0.7","0.0","1.0","1.7","3.7","/players/a/alexani01.html"
"5","5","Grayson Allen","SG","24","MEM","3","0","17.7","1.7","6.0",".278","1.0","3.7",".273","0.7","2.3",".286",".361","1.3","2.0",".667","0.0","1.3","1.3","2.0","0.0","0.0","0.7","2.3","5.7","/players/a/allengr01.html"
"6","6","Jarrett Allen","C","21","BRK","3","2","29.7","3.3","6.0",".556","0.0","0.0","","3.3","6.0",".556",".556","1.3","2.7",".500","3.3","7.7","11.0","1.3","0.7","1.7","1.3","2.7","8.0","/players/a/allenja01.html"
"7","7","Al-Farouq Aminu","PF","29","ORL","2","0","25.5","0.5","4.0",".125","0.5","1.0",".500","0.0","3.0",".000",".188","1.5","3.0",".500","2.0","3.5","5.5","0.0","0.5","0.0","0.5","2.0","3.0","/players/a/aminual01.html"
"8","8","Kyle Anderson","SF","26","MEM","3","0","21.7","3.3","5.3",".625","0.3","0.7",".500","3.0","4.7",".643",".656","1.7","2.7",".625","1.3","4.3","5.7","2.0","1.3","1.0","0.3","2.0","8.7","/players/a/anderky01.html"
"9","9","Giannis Antetokounmpo","PF","25","MIL","2","2","32.5","11.5","19.0",".605","1.0","5.0",".200","10.5","14.0",".750",".632","5.5","10.0",".550","1.5","13.5","15.0","10.0","2.0","1.5","5.5","6.0","29.5","/players/a/antetgi01.html"
"10","10","Kostas Antetokounmpo","PF","22","LAL","2","0","1.5","0.0","0.0","","0.0","0.0","","0.0","0.0","","","0.0","0.0","","0.0","0.5","0.5","0.0","0.0","0.0","0.0","0.0","0.0","/players/a/antetko01.html"
"11","11","OG Anunoby","SF","22","TOR","3","3","33.0","5.3","9.3",".571","1.7","4.0",".417","3.7","5.3",".688",".661","0.0","0.3",".000","2.0","5.0","7.0","0.7","0.3","2.3","1.3","3.3","12.3","/players/a/anunoog01.html"
"12","12","Ryan Arcidiacono","PG","25","CHI","3","0","14.3","1.3","2.0",".667","1.0","1.0","1.000","0.3","1.0",".333",".917","0.3","0.3","1.000","1.3","1.3","2.7","1.7","0.7","0.0","0.0","1.0","4.0","/players/a/arcidry01.html"
"13","13","Trevor Ariza","SF","34","SAC","3","0","22.0","0.7","3.7",".182","0.3","2.3",".143","0.3","1.3",".250",".227","0.7","0.7","1.000","0.7","2.3","3.0","0.7","0.7","0.0","0.7","1.7","2.3","/players/a/arizatr01.html"
"14","14","D.J. Augustin","PG","32","ORL","2","2","24.0","4.5","10.0",".450","0.5","1.5",".333","4.0","8.5",".471",".475","2.0","2.0","1.000","1.0","1.5","2.5","4.5","0.0","0.0","0.5","0.0","11.5","/players/a/augusdj01.html"
"15","15","Deandre Ayton","C","21","PHO","1","1","33.0","9.0","14.0",".643","0.0","0.0","","9.0","14.0",".643",".643","0.0","0.0","","3.0","8.0","11.0","0.0","1.0","4.0","0.0","2.0","18.0","/players/a/aytonde01.html"
"16","16","Dwayne Bacon","SG","24","CHO","3","3","30.3","6.0","15.7",".383","1.0","4.7",".214","5.0","11.0",".455",".415","2.0","3.7",".545","1.0","4.0","5.0","2.3","0.7","0.0","1.3","3.3","15.0","/players/b/bacondw01.html"
"17","17","Marvin Bagley","PF","20","SAC","1","1","28.0","6.0","16.0",".375","0.0","0.0","","6.0","16.0",".375",".375","2.0","4.0",".500","4.0","6.0","10.0","0.0","1.0","1.0","1.0","1.0","14.0","/players/b/baglema01.html"
"18","18","Lonzo Ball","PG","22","NOP","3","3","31.3","4.7","12.0",".389","3.0","8.0",".375","1.7","4.0",".417",".514","1.3","2.0",".667","0.3","4.7","5.0","6.7","1.7","0.0","1.0","2.3","13.7","/players/b/balllo01.html"
"19","19","Mo Bamba","C","21","ORL","2","0","13.5","2.0","4.0",".500","0.5","2.0",".250","1.5","2.0",".750",".563","0.0","0.0","","1.0","5.0","6.0","0.5","0.5","0.5","0.5","0.5","4.5","/players/b/bambamo01.html"
"20","20","Harrison Barnes","SF","27","SAC","3","3","28.7","4.3","8.7",".500","1.0","2.0",".500","3.3","6.7",".500",".558","1.0","1.7",".600","1.0","3.7","4.7","1.0","1.0","0.0","1.3","1.3","10.7","/players/b/barneha02.html"
"22","21","RJ Barrett","SG","19","NYK","3","3","36.3","8.3","16.3",".510","2.3","4.3",".538","6.0","12.0",".500",".582","2.0","4.7",".429","1.0","4.0","5.0","2.7","2.7","0.0","4.3","3.3","21.0","/players/b/barrerj01.html"
"23","22","Will Barton","SG","29","DEN","2","2","26.0","2.0","7.0",".286","1.5","3.5",".429","0.5","3.5",".143",".393","6.5","7.0",".929","0.5","2.5","3.0","1.0","1.5","2.0","0.5","0.5","12.0","/players/b/bartowi01.html"
"24","23","Nicolas Batum","SF","31","CHO","1","0","11.0","0.0","0.0","","0.0","0.0","","0.0","0.0","","","0.0","0.0","","1.0","3.0","4.0","2.0","0.0","0.0","2.0","2.0","0.0","/players/b/batumni01.html"
"25","24","Aron Baynes","C","33","PHO","3","2","20.7","4.0","7.3",".545","1.0","2.7",".375","3.0","4.7",".643",".614","2.3","2.7",".875","2.0","3.7","5.7","2.3","0.3","0.7","1.3","4.7","11.3","/players/b/baynear01.html"
"26","25","Kent Bazemore","SF","30","POR","3","0","26.0","3.0","7.3",".409","0.7","2.7",".250","2.3","4.7",".500",".455","1.3","1.7",".800","0.3","4.7","5.0","2.0","1.7","0.7","1.3","3.7","8.0","/players/b/bazemke01.html"
"27","26","Darius Bazley","PF","19","OKC","3","0","20.3","1.3","3.0",".444","0.3","1.0",".333","1.0","2.0",".500",".500","0.3","0.7",".500","0.0","4.0","4.0","0.7","0.3","0.3","1.7","1.0","3.3","/players/b/bazleda01.html"
"28","27","Bradley Beal","SG","26","WAS","3","3","35.0","7.3","24.0",".306","2.3","10.0",".233","5.0","14.0",".357",".354","3.3","4.7",".714","0.3","5.3","5.7","7.7","1.3","0.7","2.7","3.0","20.3","/players/b/bealbr01.html"
"29","28","Malik Beasley","SG","23","DEN","2","0","21.0","4.5","8.5",".529","2.0","4.0",".500","2.5","4.5",".556",".647","0.5","0.5","1.000","1.0","1.5","2.5","1.0","1.0","0.0","1.5","2.0","11.5","/players/b/beaslma01.html"
"30","29","Marco Belinelli","SG","33","SAS","2","0","15.0","1.0","3.5",".286","0.0","2.0",".000","1.0","1.5",".667",".286","0.5","1.0",".500","0.0","1.0","1.0","2.0","0.0","0.0","0.5","0.5","2.5","/players/b/belinma01.html"
"31","30","Jordan Bell","PF","25","MIN","1","0","5.0","2.0","2.0","1.000","0.0","0.0","","2.0","2.0","1.000","1.000","0.0","0.0","","1.0","4.0","5.0","0.0","0.0","0.0","0.0","1.0","4.0","/players/b/belljo01.html"
"32","31","DeAndre' Bembry","SG","25","ATL","2","0","24.5","4.0","7.0",".571","0.0","1.5",".000","4.0","5.5",".727",".571","0.5","1.0",".500","1.5","3.0","4.5","2.0","1.5","0.0","0.5","2.0","8.5","/players/b/bembrde01.html"
"33","32","Davis Bertans","PF","27","WAS","3","0","29.7","4.7","9.0",".519","3.3","6.7",".500","1.3","2.3",".571",".704","1.7","2.0",".833","0.0","3.0","3.0","1.0","0.7","0.3","1.0","2.7","14.3","/players/b/bertada01.html"
"34","33","Patrick Beverley","PG","31","LAC","3","3","29.7","2.3","6.3",".368","0.7","4.3",".154","1.7","2.0",".833",".421","0.7","1.3",".500","1.3","5.7","7.0","3.3","2.3","0.3","2.0","4.3","6.0","/players/b/beverpa01.html"
"35","34","Goga Bitadze","C","20","IND","1","0","4.0","1.0","1.0","1.000","0.0","0.0","","1.0","1.0","1.000","1.000","0.0","0.0","","0.0","1.0","1.0","0.0","0.0","0.0","0.0","1.0","2.0","/players/b/bitadgo01.html"
"36","35","Bismack Biyombo","C","27","CHO","2","1","11.5","1.5","2.5",".600","0.0","0.0","","1.5","2.5",".600",".600","1.0","3.0",".333","0.5","2.0","2.5","1.5","0.0","0.5","1.0","2.0","4.0","/players/b/biyombi01.html"
"37","36","Nemanja Bjelica","PF","31","SAC","3","2","22.0","2.7","5.3",".500","1.0","2.7",".375","1.7","2.7",".625",".594","0.7","0.7","1.000","1.3","3.3","4.7","1.3","1.0","0.0","1.3","1.7","7.0","/players/b/bjeline01.html"
"38","37","Eric Bledsoe","PG","30","MIL","2","2","24.5","3.5","10.0",".350","1.0","3.0",".333","2.5","7.0",".357",".400","2.5","3.5",".714","0.0","4.0","4.0","2.0","0.5","0.0","2.0","4.0","10.5","/players/b/bledser01.html"
"39","38","Bogdan Bogdanovic","SG","27","SAC","3","0","25.0","3.0","9.3",".321","1.7","4.0",".417","1.3","5.3",".250",".411","1.7","2.3",".714","0.0","1.7","1.7","2.3","1.0","0.0","1.0","2.3","9.3","/players/b/bogdabo01.html"
"40","39","Bojan Bogdanovic","SF","30","UTA","2","2","24.0","8.0","16.0",".500","3.0","7.0",".429","5.0","9.0",".556",".594","2.0","2.0","1.000","0.0","3.5","3.5","0.5","1.0","0.0","0.5","2.5","21.0","/players/b/bogdabo02.html"
"41","40","Isaac Bonga","SF","20","WAS","3","3","24.3","2.7","4.3",".615","0.3","1.0",".333","2.3","3.3",".700",".654","0.7","1.3",".500","0.7","4.3","5.0","2.7","1.3","0.3","0.3","4.0","6.3","/players/b/bongais01.html"
"43","41","Devin Booker","SG","23","PHO","3","3","37.3","8.7","19.3",".448","2.0","6.0",".333","6.7","13.3",".500",".500","4.0","5.0",".800","0.3","4.0","4.3","8.3","0.3","0.3","3.3","5.0","23.3","/players/b/bookede01.html"
"44","42","Chris Boucher","PF","27","TOR","1","0","5.0","0.0","1.0",".000","0.0","1.0",".000","0.0","0.0","",".000","2.0","2.0","1.000","1.0","1.0","2.0","0.0","0.0","2.0","1.0","1.0","2.0","/players/b/bouchch01.html"
"45","43","Ky Bowman","PG","22","GSW","2","0","8.0","1.0","4.0",".250","0.0","0.5",".000","1.0","3.5",".286",".250","0.5","0.5","1.000","0.0","0.0","0.0","0.5","0.0","0.0","0.0","0.0","2.5","/players/b/bowmaky01.html"
"46","44","Avery Bradley","SG","29","LAL","3","3","26.0","3.3","7.3",".455","1.0","4.0",".250","2.3","3.3",".700",".523","0.7","0.7","1.000","0.0","3.0","3.0","0.0","1.0","0.3","1.0","2.7","8.3","/players/b/bradlav01.html"
"47","45","Tony Bradley","C","22","UTA","2","0","5.0","1.5","1.5","1.000","0.0","0.0","","1.5","1.5","1.000","1.000","1.0","1.5",".667","0.0","2.0","2.0","0.0","0.0","0.0","0.5","0.5","4.0","/players/b/bradlto01.html"
"48","46","Jarrell Brantley","PF","23","UTA","1","0","5.0","0.0","0.0","","0.0","0.0","","0.0","0.0","","","0.0","0.0","","0.0","3.0","3.0","1.0","0.0","1.0","0.0","0.0","0.0","/players/b/brantja01.html"
"49","47","Mikal Bridges","SF","23","PHO","3","0","20.3","1.7","3.7",".455","0.3","1.7",".200","1.3","2.0",".667",".500","1.0","1.7",".600","0.3","3.3","3.7","0.3","1.0","0.0","0.3","2.0","4.7","/players/b/bridgmi01.html"
"50","48","Miles Bridges","SF","21","CHO","3","3","32.0","5.7","10.7",".531","1.7","4.0",".417","4.0","6.7",".600",".609","3.0","3.7",".818","0.7","3.7","4.3","2.3","0.0","1.3","2.7","1.7","16.0","/players/b/bridgmi02.html"
"51","49","Malcolm Brogdon","PG","27","IND","2","2","35.0","8.5","15.5",".548","3.0","5.0",".600","5.5","10.5",".524",".645","6.0","6.5",".923","0.0","2.5","2.5","10.5","0.5","1.0","1.5","2.5","26.0","/players/b/brogdma01.html"
"52","50","Dillon Brooks","SF","24","MEM","3","3","28.3","4.7","11.3",".412","2.0","4.0",".500","2.7","7.3",".364",".500","0.0","0.0","","0.3","3.0","3.3","1.3","1.3","0.7","1.7","5.3","11.3","/players/b/brookdi01.html"
"53","51","Bruce Brown","SG","23","DET","3","3","20.7","1.7","4.7",".357","0.0","1.0",".000","1.7","3.7",".455",".357","0.7","1.3",".500","0.3","2.0","2.3","1.3","0.3","0.0","2.3","3.3","4.0","/players/b/brownbr01.html"
"54","52","Jaylen Brown","SG","23","BOS","3","3","28.7","6.7","13.3",".500","1.3","4.7",".286","5.3","8.7",".615",".550","2.7","4.0",".667","0.3","6.3","6.7","2.0","0.7","1.0","1.3","3.7","17.3","/players/b/brownja02.html"
"55","53","Sterling Brown","SG","24","MIL","2","0","3.0","0.5","1.5",".333","0.0","0.5",".000","0.5","1.0",".500",".333","0.0","0.0","","0.0","1.0","1.0","0.0","0.0","0.0","0.0","1.0","1.0","/players/b/brownst02.html"
"56","54","Jalen Brunson","PG","23","DAL","3","2","26.7","3.3","9.0",".370","1.3","4.0",".333","2.0","5.0",".400",".444","1.0","1.7",".600","1.7","3.0","4.7","2.3","0.7","0.0","1.3","1.7","9.0","/players/b/brunsja01.html"
"57","55","Thomas Bryant","C","22","WAS","3","3","31.0","5.7","12.0",".472","1.3","4.3",".308","4.3","7.7",".565",".528","2.3","2.7",".875","2.7","7.0","9.7","2.0","0.7","1.7","2.3","1.0","15.0","/players/b/bryanth01.html"
"58","56","Deonte Burton","SG","26","OKC","2","0","6.5","0.5","1.0",".500","0.5","1.0",".500","0.0","0.0","",".750","0.0","0.0","","0.0","0.5","0.5","0.0","0.5","0.0","1.0","0.5","1.5","/players/b/burtode02.html"
"59","57","Bruno Caboclo","SF","24","MEM","1","0","5.0","1.0","4.0",".250","0.0","1.0",".000","1.0","3.0",".333",".250","0.0","0.0","","1.0","2.0","3.0","0.0","0.0","1.0","1.0","0.0","2.0","/players/c/cabocbr01.html"
"60","58","Kentavious Caldwell-Pope","SG","26","LAL","3","0","22.3","1.3","5.7",".235","0.7","2.7",".250","0.7","3.0",".222",".294","0.3","0.7",".500","0.3","1.7","2.0","2.0","1.0","0.0","0.7","3.0","3.7","/players/c/caldwke01.html"
"61","59","Clint Capela","C","25","HOU","2","2","27.5","6.0","9.5",".632","0.0","0.0","","6.0","9.5",".632",".632","2.0","3.5",".571","1.0","8.0","9.0","1.0","1.0","2.5","1.0","4.5","14.0","/players/c/capelca01.html"
"62","60","Jevon Carter","PG","24","PHO","3","1","23.0","3.0","6.0",".500","2.3","4.3",".538","0.7","1.7",".400",".694","0.0","0.0","","0.3","1.7","2.0","3.3","1.0","0.3","2.0","3.7","8.3","/players/c/carteje01.html"
"64","61","Vince Carter","SF","43","ATL","2","0","11.0","0.5","2.5",".200","0.0","2.0",".000","0.5","0.5","1.000",".200","0.0","0.0","","0.0","1.0","1.0","1.0","0.5","0.0","0.5","0.5","1.0","/players/c/cartevi01.html"
"65","62","Wendell Carter","C","20","CHI","3","3","26.3","4.3","9.7",".448","0.0","1.0",".000","4.3","8.7",".500",".448","1.7","2.7",".625","4.0","5.0","9.0","0.0","0.7","0.7","1.0","4.3","10.3","/players/c/cartewe01.html"
"66","63","Michael Carter-Williams","PG","28","ORL","2","0","15.5","1.5","4.0",".375","0.5","1.5",".333","1.0","2.5",".400",".438","0.0","0.0","","1.0","2.5","3.5","0.5","2.0","0.5","1.0","2.5","3.5","/players/c/cartemi01.html"
"67","64","Alex Caruso","SG","25","LAL","2","0","17.0","1.5","3.0",".500","0.5","1.0",".500","1.0","2.0",".500",".583","0.0","0.0","","0.0","1.0","1.0","0.5","1.0","0.5","1.5","2.0","3.5","/players/c/carusal01.html"
"68","65","Tyson Chandler","C","37","HOU","2","0","8.5","3.0","3.5",".857","0.0","0.0","","3.0","3.5",".857",".857","0.0","0.5",".000","1.0","2.5","3.5","0.0","0.5","0.0","0.5","2.0","6.0","/players/c/chandty01.html"
"69","66","Chris Chiozza","PG","24","WAS","2","0","17.5","1.0","4.5",".222","1.0","2.0",".500","0.0","2.5",".000",".333","0.0","0.0","","0.0","2.0","2.0","3.5","1.0","1.0","1.5","3.0","3.0","/players/c/chiozch01.html"
"70","67","Marquese Chriss","PF","22","GSW","2","1","19.0","2.0","4.5",".444","0.0","0.5",".000","2.0","4.0",".500",".444","5.0","6.0",".833","2.0","2.0","4.0","2.0","2.5","0.0","2.5","3.5","9.0","/players/c/chrisma01.html"
"71","68","Brandon Clarke","PF","23","MEM","3","0","24.7","5.0","9.0",".556","0.3","1.7",".200","4.7","7.3",".636",".574","0.3","0.3","1.000","1.3","5.0","6.3","1.3","0.7","1.7","0.3","2.0","10.7","/players/c/clarkbr01.html"
"72","69","Jordan Clarkson","SG","27","CLE","2","0","18.0","3.5","10.0",".350","1.0","4.0",".250","2.5","6.0",".417",".400","3.0","3.5",".857","0.5","1.5","2.0","0.5","2.0","0.0","1.5","0.5","11.0","/players/c/clarkjo01.html"
"73","70","John Collins","PF","22","ATL","2","2","31.5","6.0","11.5",".522","0.5","2.0",".250","5.5","9.5",".579",".543","1.0","2.5",".400","2.5","8.5","11.0","1.0","1.0","2.5","1.0","2.5","13.5","/players/c/collijo01.html"
"74","71","Zach Collins","PF","22","POR","3","3","28.7","3.0","6.3",".474","1.0","2.3",".429","2.0","4.0",".500",".553","2.0","2.0","1.000","1.3","2.7","4.0","2.0","0.0","0.7","2.0","3.7","9.0","/players/c/colliza01.html"
"75","72","Mike Conley","PG","32","UTA","3","3","27.3","3.0","12.7",".237","1.0","5.7",".176","2.0","7.0",".286",".276","3.0","3.3",".900","0.3","2.0","2.3","5.3","0.3","0.0","2.7","2.3","10.0","/players/c/conlemi01.html"
"76","73","Pat Connaughton","SG","27","MIL","2","0","15.0","2.0","5.0",".400","1.0","3.5",".286","1.0","1.5",".667",".500","0.0","0.0","","0.0","3.0","3.0","1.5","0.0","0.5","0.0","1.0","5.0","/players/c/connapa01.html"
"77","74","Quinn Cook","PG","26","LAL","3","0","20.7","3.0","8.0",".375","0.7","2.7",".250","2.3","5.3",".438",".417","0.0","0.0","","0.3","1.3","1.7","4.3","0.0","0.0","0.7","1.0","6.7","/players/c/cookqu01.html"
"78","75","Tyler Cook","PF","22","CLE","1","0","0.0","0.0","0.0","","0.0","0.0","","0.0","0.0","","","0.0","0.0","","0.0","1.0","1.0","0.0","0.0","0.0","0.0","0.0","0.0","/players/c/cookty01.html"
"79","76","Robert Covington","PF","29","MIN","3","3","26.0","4.3","10.3",".419","1.7","6.0",".278","2.7","4.3",".615",".500","1.0","1.3",".750","2.0","5.7","7.7","1.3","0.7","0.0","1.7","3.3","11.3","/players/c/covinro01.html"
"80","77","Torrey Craig","SF","29","DEN","2","0","19.5","2.0","5.0",".400","1.0","3.0",".333","1.0","2.0",".500",".500","0.0","0.0","","1.0","4.5","5.5","1.0","0.5","2.5","1.0","4.0","5.0","/players/c/craigto01.html"
"81","78","Jae Crowder","SF","29","MEM","3","3","33.0","3.3","10.0",".333","2.3","8.0",".292","1.0","2.0",".500",".450","1.7","2.0",".833","1.3","5.7","7.0","3.3","0.7","0.7","1.0","1.7","10.7","/players/c/crowdja01.html"
"82","79","Jarrett Culver","SG","20","MIN","3","0","14.0","1.0","3.7",".273","0.0","1.7",".000","1.0","2.0",".500",".273","0.0","0.3",".000","0.7","0.7","1.3","0.7","0.7","0.0","1.0","1.0","2.0","/players/c/culveja01.html"
"83","80","Seth Curry","SG","29","DAL","3","0","20.7","3.3","7.0",".476","1.7","3.7",".455","1.7","3.3",".500",".595","1.3","1.3","1.000","0.0","1.7","1.7","1.0","1.0","0.3","1.0","1.7","9.7","/players/c/curryse01.html"
"85","81","Stephen Curry","PG","31","GSW","2","2","30.0","7.5","19.0",".395","2.0","10.0",".200","5.5","9.0",".611",".447","6.0","6.0","1.000","1.5","4.5","6.0","4.5","0.5","0.0","5.0","1.5","23.0","/players/c/curryst01.html"
"86","82","Troy Daniels","SG","28","LAL","3","0","16.7","3.0","7.0",".429","2.0","6.0",".333","1.0","1.0","1.000",".571","0.7","0.7","1.000","0.0","1.0","1.0","0.3","0.7","0.0","0.7","0.7","8.7","/players/d/danietr01.html"
"87","83","Anthony Davis","PF","26","LAL","3","3","34.0","8.3","19.0",".439","1.0","3.0",".333","7.3","16.0",".458",".465","7.3","9.0",".815","1.7","8.7","10.3","3.3","1.3","3.3","3.7","3.3","25.0","/players/d/davisan02.html"
"88","84","Ed Davis","C","30","UTA","3","0","12.7","0.7","2.0",".333","0.0","0.0","","0.7","2.0",".333",".333","0.7","1.3",".500","1.7","4.0","5.7","0.0","0.3","0.7","1.0","3.0","2.0","/players/d/davised01.html"
"89","85","Terence Davis","SG","22","TOR","3","0","12.0","1.0","3.7",".273","0.7","2.0",".333","0.3","1.7",".200",".364","1.3","1.3","1.000","0.7","2.7","3.3","1.3","0.7","0.3","0.3","2.0","4.0","/players/d/daviste02.html"
"90","86","Dewayne Dedmon","C","30","SAC","3","3","21.0","2.3","6.7",".350","0.7","3.3",".200","1.7","3.3",".500",".400","1.3","1.3","1.000","2.0","4.7","6.7","0.3","0.3","0.7","4.3","3.7","6.7","/players/d/dedmode01.html"
"91","87","Matthew Dellavedova","PG","29","CLE","2","0","18.5","1.0","5.0",".200","0.0","4.0",".000","1.0","1.0","1.000",".200","0.5","1.0",".500","0.5","0.5","1.0","3.0","1.0","0.0","0.5","2.5","2.5","/players/d/dellama01.html"
"92","88","DeMar DeRozan","SG","30","SAS","2","2","34.0","7.0","17.0",".412","0.0","0.5",".000","7.0","16.5",".424",".412","5.5","7.5",".733","0.0","4.0","4.0","3.5","1.0","1.0","2.5","2.0","19.5","/players/d/derozde01.html"
"93","89","Cheick Diallo","C","23","PHO","2","0","2.0","0.0","0.0","","0.0","0.0","","0.0","0.0","","","1.0","1.0","1.000","0.0","0.0","0.0","0.0","0.0","0.0","0.5","1.0","1.0","/players/d/diallch01.html"
"94","90","Hamidou Diallo","SG","21","OKC","3","0","18.0","3.7","6.7",".550","0.3","1.3",".250","3.3","5.3",".625",".575","1.3","2.3",".571","0.7","2.3","3.0","0.0","1.0","0.0","3.0","3.0","9.0","/players/d/diallha01.html"
"95","91","Gorgui Dieng","C","30","MIN","1","0","6.0","1.0","3.0",".333","0.0","2.0",".000","1.0","1.0","1.000",".333","0.0","0.0","","0.0","2.0","2.0","0.0","0.0","0.0","1.0","0.0","2.0","/players/d/dienggo01.html"
"96","92","Spencer Dinwiddie","SG","26","BRK","3","0","25.0","4.7","12.7",".368","1.7","5.7",".294","3.0","7.0",".429",".434","5.7","7.3",".773","0.7","2.0","2.7","5.0","0.3","0.7","2.7","4.0","16.7","/players/d/dinwisp01.html"
"97","93","Luka Doncic","PG","20","DAL","3","3","36.3","10.0","20.0",".500","3.0","9.7",".310","7.0","10.3",".677",".575","6.3","8.0",".792","1.0","9.3","10.3","7.3","2.3","0.0","4.3","3.0","29.3","/players/d/doncilu01.html"
"98","94","Damyean Dotson","SG","25","NYK","1","0","4.0","1.0","1.0","1.000","1.0","1.0","1.000","0.0","0.0","","1.500","0.0","0.0","","0.0","0.0","0.0","0.0","0.0","0.0","0.0","0.0","3.0","/players/d/dotsoda01.html"
"99","95","Goran Dragic","PG","33","MIA","3","0","29.0","5.3","12.0",".444","2.0","6.0",".333","3.3","6.0",".556",".528","6.3","9.0",".704","0.0","4.7","4.7","5.0","0.7","0.7","2.7","1.7","19.0","/players/d/dragigo01.html"
"100","96","Andre Drummond","C","26","DET","3","3","34.0","8.3","13.3",".625","0.0","0.3",".000","8.3","13.0",".641",".625","5.3","8.7",".615","3.7","12.0","15.7","1.7","2.3","2.3","2.7","4.7","22.0","/players/d/drumman01.html"
"101","97","Jared Dudley","SF","34","LAL","3","0","8.7","0.7","1.0",".667","0.7","0.7","1.000","0.0","0.3",".000","1.000","0.0","0.0","","0.0","0.7","0.7","0.0","0.0","0.0","0.0","1.3","2.0","/players/d/dudleja01.html"
"102","98","Kris Dunn","PG","25","CHI","3","0","23.0","2.7","7.0",".381","0.0","2.0",".000","2.7","5.0",".533",".381","0.7","1.3",".500","0.3","2.7","3.0","2.3","2.7","0.7","0.7","3.3","6.0","/players/d/dunnkr01.html"
"103","99","Carsen Edwards","PG","21","BOS","2","0","17.0","2.0","8.0",".250","1.0","4.5",".222","1.0","3.5",".286",".313","1.5","2.0",".750","1.0","0.0","1.0","1.5","1.0","0.0","0.0","1.0","6.5","/players/e/edwarca01.html"
"104","100","Wayne Ellington","SG","32","NYK","2","0","12.0","2.0","4.0",".500","2.0","4.0",".500","0.0","0.0","",".750","0.0","0.0","","0.0","1.5","1.5","0.5","0.0","0.5","2.0","0.5","6.0","/players/e/ellinwa01.html"
"106","101","Joel Embiid","C","25","PHI","1","1","23.0","5.0","14.0",".357","1.0","4.0",".250","4.0","10.0",".400",".393","4.0","8.0",".500","4.0","9.0","13.0","3.0","0.0","3.0","0.0","5.0","15.0","/players/e/embiijo01.html"
"107","102","James Ennis","SF","29","PHI","2","0","14.5","1.5","3.5",".429","0.0","1.5",".000","1.5","2.0",".750",".429","3.0","4.0",".750","1.0","3.5","4.5","0.5","0.0","0.0","1.5","3.0","6.0","/players/e/ennisja01.html"
"108","103","Jacob Evans","SG","22","GSW","2","0","20.0","2.5","6.0",".417","2.0","4.0",".500","0.5","2.0",".250",".583","2.0","2.0","1.000","0.5","1.5","2.0","1.0","0.0","0.0","0.5","1.0","9.0","/players/e/evansja02.html"
"109","104","Tacko Fall","C","24","BOS","1","0","4.0","2.0","4.0",".500","0.0","0.0","","2.0","4.0",".500",".500","0.0","0.0","","0.0","3.0","3.0","0.0","0.0","0.0","1.0","2.0","4.0","/players/f/fallta01.html"
"110","105","Derrick Favors","C","28","NOP","3","3","20.3","4.3","7.0",".619","0.0","0.3",".000","4.3","6.7",".650",".619","0.0","0.0","","2.3","4.0","6.3","2.0","0.3","0.3","2.3","3.0","8.7","/players/f/favorde01.html"
"111","106","Terrance Ferguson","SG","21","OKC","3","3","25.3","1.7","3.7",".455","1.0","2.3",".429","0.7","1.3",".500",".591","0.7","0.7","1.000","1.0","1.7","2.7","1.7","0.0","0.3","1.0","2.7","5.0","/players/f/fergute01.html"
"112","107","Bruno Fernando","C","21","ATL","2","0","11.5","2.5","4.5",".556","0.5","1.0",".500","2.0","3.5",".571",".611","0.0","0.0","","2.0","2.0","4.0","2.0","0.0","0.0","1.0","1.0","5.5","/players/f/fernabr01.html"
"113","108","Yogi Ferrell","PG","26","SAC","3","0","6.3","1.3","3.3",".400","0.3","1.3",".250","1.0","2.0",".500",".450","1.0","1.3",".750","0.0","0.7","0.7","1.0","0.3","0.0","0.3","0.0","4.0","/players/f/ferreyo01.html"
"114","109","Dorian Finney-Smith","PF","26","DAL","3","1","27.7","2.0","6.0",".333","0.7","3.3",".200","1.3","2.7",".500",".389","3.0","4.7",".643","3.0","4.7","7.7","1.0","0.7","0.3","1.0","1.3","7.7","/players/f/finnedo01.html"
"115","110","Bryn Forbes","SG","26","SAS","2","2","32.5","6.5","13.0",".500","3.5","7.5",".467","3.0","5.5",".545",".635","1.5","1.5","1.000","1.5","3.0","4.5","2.0","0.0","0.0","1.5","2.0","18.0","/players/f/forbebr01.html"
"116","111","Evan Fournier","SG","27","ORL","2","2","29.0","7.5","15.5",".484","1.5","5.0",".300","6.0","10.5",".571",".532","3.0","4.5",".667","0.5","2.5","3.0","3.0","1.0","0.5","2.5","2.5","19.5","/players/f/fournev01.html"
"117","112","De'Aaron Fox","PG","22","SAC","3","3","27.0","4.3","11.3",".382","1.3","3.0",".444","3.0","8.3",".360",".441","5.0","6.7",".750","0.0","2.7","2.7","5.0","0.3","0.0","3.7","3.0","15.0","/players/f/foxde01.html"
"118","113","Tim Frazier","PG","29","DET","3","1","11.0","1.3","4.0",".333","0.7","2.0",".333","0.7","2.0",".333",".417","1.0","1.3",".750","0.0","0.7","0.7","1.7","0.7","0.0","1.3","2.3","4.3","/players/f/fraziti01.html"
"119","114","Markelle Fultz","SG","21","ORL","2","0","24.0","5.0","11.5",".435","1.0","4.5",".222","4.0","7.0",".571",".478","1.0","1.0","1.000","1.0","0.5","1.5","4.5","1.0","0.0","1.5","2.5","12.0","/players/f/fultzma01.html"
"120","115","Wenyen Gabriel","PF","22","SAC","3","0","8.3","1.0","3.3",".300","0.3","1.7",".200","0.7","1.7",".400",".350","0.7","1.0",".667","0.7","0.7","1.3","1.0","0.3","0.0","0.7","0.7","3.0","/players/g/gabriwe01.html"
"121","116","Daniel Gafford","PF","21","CHI","1","0","2.0","0.0","0.0","","0.0","0.0","","0.0","0.0","","","0.0","0.0","","0.0","1.0","1.0","0.0","0.0","0.0","0.0","0.0","0.0","/players/g/gaffoda01.html"
"122","117","Danilo Gallinari","PF","31","OKC","3","3","26.7","6.0","11.3",".529","2.7","5.7",".471","3.3","5.7",".588",".647","5.3","5.3","1.000","0.0","4.3","4.3","1.3","0.7","0.3","1.7","1.3","20.0","/players/g/gallida01.html"
"123","118","Langston Galloway","SG","28","DET","3","0","24.0","2.0","5.3",".375","1.3","3.0",".444","0.7","2.3",".286",".500","2.0","2.7",".750","0.3","2.7","3.0","1.7","0.7","0.7","1.3","1.0","7.3","/players/g/gallola01.html"
"124","119","Darius Garland","PG","20","CLE","2","2","30.5","4.0","10.5",".381","2.0","4.5",".444","2.0","6.0",".333",".476","0.0","0.0","","1.0","0.5","1.5","4.5","1.0","0.0","3.5","1.0","10.0","/players/g/garlada01.html"
"125","120","Marc Gasol","C","35","TOR","3","3","26.7","1.0","6.3",".158","0.7","3.0",".222","0.3","3.3",".100",".211","1.3","1.7",".800","1.3","5.0","6.3","2.7","0.0","0.3","1.0","3.0","4.0","/players/g/gasolma01.html"
"127","121","Rudy Gay","PF","33","SAS","2","0","23.5","4.0","9.0",".444","0.0","3.5",".000","4.0","5.5",".727",".444","2.5","2.5","1.000","2.0","5.5","7.5","3.5","1.0","0.5","1.5","2.5","10.5","/players/g/gayru01.html"
"128","122","Taj Gibson","C","34","NYK","3","0","11.3","0.7","2.7",".250","0.0","0.7",".000","0.7","2.0",".333",".250","0.7","0.7","1.000","1.0","1.7","2.7","0.7","0.3","0.0","1.0","1.3","2.0","/players/g/gibsota01.html"
"129","123","Shai Gilgeous-Alexander","SG","21","OKC","3","3","34.3","9.3","18.0",".519","2.0","5.3",".375","7.3","12.7",".579",".574","3.7","6.0",".611","0.0","6.0","6.0","3.0","1.0","1.7","2.0","1.7","24.3","/players/g/gilgesh01.html"
"130","124","Rudy Gobert","C","27","UTA","3","3","31.7","3.3","5.7",".588","0.0","0.0","","3.3","5.7",".588",".588","0.3","1.3",".250","1.3","8.3","9.7","1.7","0.7","0.7","3.7","3.7","7.0","/players/g/goberru01.html"
"131","125","Aaron Gordon","PF","24","ORL","2","2","29.5","3.0","9.0",".333","0.5","2.0",".250","2.5","7.0",".357",".361","3.0","4.0",".750","2.0","2.5","4.5","3.0","2.0","0.5","1.0","2.0","9.5","/players/g/gordoaa01.html"
"132","126","Eric Gordon","SG","31","HOU","2","0","32.0","4.5","16.0",".281","2.5","10.5",".238","2.0","5.5",".364",".359","0.5","1.0",".500","0.0","1.5","1.5","0.5","0.5","0.0","0.5","1.5","12.0","/players/g/gordoer01.html"
"133","127","Devonte' Graham","PG","24","CHO","3","0","27.7","5.3","12.3",".432","4.3","7.3",".591","1.0","5.0",".200",".608","3.7","4.3",".846","0.7","2.3","3.0","5.7","0.0","0.0","1.7","2.3","18.7","/players/g/grahade01.html"
"134","128","Treveon Graham","SG","26","MIN","3","3","26.0","2.7","8.7",".308","0.7","2.7",".250","2.0","6.0",".333",".346","1.0","1.0","1.000","1.3","2.0","3.3","2.0","1.0","0.0","0.3","1.0","7.0","/players/g/grahatr01.html"
"135","129","Jerami Grant","PF","25","DEN","2","0","26.0","4.0","7.5",".533","1.5","3.5",".429","2.5","4.0",".625",".633","1.5","2.5",".600","1.0","2.5","3.5","0.5","0.0","0.0","1.5","2.5","11.0","/players/g/grantje01.html"
"136","130","Danny Green","SG","32","LAL","3","3","29.0","5.0","10.7",".469","3.3","6.3",".526","1.7","4.3",".385",".625","0.7","1.0",".667","1.0","4.0","5.0","1.0","1.7","0.7","0.3","3.0","14.0","/players/g/greenda02.html"
"137","131","Draymond Green","PF","29","GSW","2","2","26.0","3.5","7.5",".467","1.0","3.0",".333","2.5","4.5",".556",".533","2.5","2.5","1.000","0.0","4.5","4.5","2.5","1.5","0.0","0.5","2.5","10.5","/players/g/greendr01.html"
"138","132","JaMychal Green","PF","29","LAC","3","0","17.0","3.7","5.7",".647","3.0","4.3",".692","0.7","1.3",".500",".912","1.0","1.3",".750","1.0","2.3","3.3","0.0","0.0","0.0","0.7","3.3","11.3","/players/g/greenja01.html"
"139","133","Javonte Green","SG","26","BOS","2","0","2.0","0.0","0.0","","0.0","0.0","","0.0","0.0","","","0.0","1.0",".000","0.0","0.5","0.5","0.5","0.0","0.0","0.0","0.0","0.0","/players/g/greenja02.html"
"140","134","Jeff Green","PF","33","UTA","3","1","19.3","2.0","5.3",".375","1.7","3.0",".556","0.3","2.3",".143",".531","0.7","2.0",".333","0.0","2.7","2.7","1.0","0.3","0.3","1.7","2.0","6.3","/players/g/greenje02.html"
"141","135","Marko Guduric","SG","24","MEM","3","0","15.7","2.3","5.7",".412","0.3","2.3",".143","2.0","3.3",".600",".441","1.0","1.0","1.000","1.0","1.0","2.0","1.0","0.0","0.0","2.0","1.0","6.0","/players/g/gudurma01.html"
"142","136","Rui Hachimura","SF","21","WAS","3","3","32.3","7.7","16.3",".469","0.0","2.7",".000","7.7","13.7",".561",".469","1.0","1.0","1.000","2.7","5.0","7.7","1.7","0.7","0.3","1.0","1.0","16.3","/players/h/hachiru01.html"
"143","137","Tim Hardaway","SG","27","DAL","3","0","21.7","2.0","7.3",".273","0.7","5.7",".118","1.3","1.7",".800",".318","3.0","3.3",".900","0.0","1.0","1.0","1.3","0.0","0.0","0.7","2.7","7.7","/players/h/hardati02.html"
"144","138","James Harden","SG","30","HOU","2","2","36.5","5.0","21.0",".238","1.5","13.0",".115","3.5","8.0",".438",".274","12.5","13.0",".962","1.0","4.5","5.5","9.5","1.0","0.5","7.5","4.0","24.0","/players/h/hardeja01.html"
"145","139","Maurice Harkless","PF","26","LAC","3","0","24.0","3.3","6.0",".556","0.7","2.0",".333","2.7","4.0",".667",".611","0.0","0.0","","1.0","1.3","2.3","1.0","2.3","1.0","0.7","4.3","7.3","/players/h/harklma01.html"
"146","140","Jared Harper","PG","22","PHO","1","0","2.0","0.0","1.0",".000","0.0","1.0",".000","0.0","0.0","",".000","0.0","0.0","","0.0","0.0","0.0","0.0","0.0","0.0","0.0","0.0","0.0","/players/h/harpeja01.html"
"148","141","Montrezl Harrell","C","26","LAC","3","0","31.7","8.0","10.0",".800","0.0","0.0","","8.0","10.0",".800",".800","5.0","8.0",".625","1.7","5.0","6.7","3.0","0.7","0.7","3.3","2.0","21.0","/players/h/harremo01.html"
"149","142","Gary Harris","SG","25","DEN","2","2","34.5","3.5","10.0",".350","1.0","3.5",".286","2.5","6.5",".385",".400","2.5","3.0",".833","0.0","2.5","2.5","0.0","2.0","0.0","3.0","4.0","10.5","/players/h/harriga01.html"
"150","143","Joe Harris","SG","28","BRK","3","3","36.0","5.0","10.0",".500","3.3","6.3",".526","1.7","3.7",".455",".667","0.0","0.0","","0.7","2.7","3.3","1.7","0.7","0.3","2.0","3.3","13.3","/players/h/harrijo01.html"
"151","144","Tobias Harris","SF","27","PHI","2","2","36.5","8.0","13.0",".615","3.0","5.5",".545","5.0","7.5",".667",".731","3.0","4.0",".750","0.5","10.5","11.0","2.5","2.0","0.0","3.5","4.0","22.0","/players/h/harrito02.html"
"152","145","Shaquille Harrison","PG","26","CHI","2","0","8.0","1.0","3.5",".286","0.0","0.0","","1.0","3.5",".286",".286","2.0","3.0",".667","0.0","1.5","1.5","0.5","0.0","0.5","0.0","1.0","4.0","/players/h/harrish01.html"
"153","146","Josh Hart","SF","24","NOP","3","1","29.3","5.7","11.7",".486","3.0","7.3",".409","2.7","4.3",".615",".614","3.7","4.0",".917","2.0","5.3","7.3","0.7","1.3","0.7","1.3","3.3","18.0","/players/h/hartjo01.html"
"154","147","Gordon Hayward","SF","29","BOS","3","3","33.0","5.7","12.3",".459","1.3","2.0",".667","4.3","10.3",".419",".514","3.7","4.3",".846","1.3","5.0","6.3","2.3","0.3","0.0","2.7","3.3","16.3","/players/h/haywago01.html"
"155","148","John Henson","PF","29","CLE","1","0","8.0","1.0","2.0",".500","0.0","1.0",".000","1.0","1.0","1.000",".500","1.0","6.0",".167","2.0","1.0","3.0","0.0","2.0","2.0","1.0","0.0","3.0","/players/h/hensojo01.html"
"156","149","Willy Hernangomez","C","25","CHO","2","0","11.0","1.5","3.0",".500","0.0","0.0","","1.5","3.0",".500",".500","0.0","0.0","","2.0","1.0","3.0","0.5","0.5","0.5","0.5","0.5","3.0","/players/h/hernawi01.html"
"157","150","Tyler Herro","SG","20","MIA","3","3","33.7","5.0","13.0",".385","1.3","5.0",".267","3.7","8.0",".458",".436","0.7","0.7","1.000","0.0","6.0","6.0","1.7","1.0","0.0","3.0","2.7","12.0","/players/h/herroty01.html"
"158","151","Mario Hezonja","SF","24","POR","3","0","20.0","1.3","4.3",".308","0.0","1.0",".000","1.3","3.3",".400",".308","1.0","1.3",".750","0.3","5.0","5.3","0.7","0.7","0.3","0.7","2.3","3.7","/players/h/hezonma01.html"
"159","152","Buddy Hield","SG","27","SAC","3","3","27.7","6.0","14.7",".409","3.7","8.7",".423","2.3","6.0",".389",".534","1.7","1.7","1.000","1.0","3.0","4.0","1.0","0.0","0.0","3.0","1.7","17.3","/players/h/hieldbu01.html"
"160","153","George Hill","PG","33","MIL","2","0","30.0","2.5","5.5",".455","1.5","3.5",".429","1.0","2.0",".500",".591","0.0","0.0","","0.0","1.0","1.0","5.5","1.5","0.5","0.5","4.0","6.5","/players/h/hillge01.html"
"161","154","Solomon Hill","SF","28","MEM","1","0","24.0","5.0","5.0","1.000","1.0","1.0","1.000","4.0","4.0","1.000","1.100","2.0","4.0",".500","0.0","5.0","5.0","3.0","0.0","0.0","1.0","1.0","13.0","/players/h/hillso01.html"
"162","155","Aaron Holiday","PG","23","IND","1","0","7.0","0.0","6.0",".000","0.0","1.0",".000","0.0","5.0",".000",".000","0.0","0.0","","0.0","1.0","1.0","2.0","1.0","0.0","1.0","2.0","0.0","/players/h/holidaa01.html"
"163","156","Jrue Holiday","SG","29","NOP","2","2","37.0","4.0","13.0",".308","0.5","4.5",".111","3.5","8.5",".412",".327","2.0","3.0",".667","1.5","2.5","4.0","7.0","1.0","1.0","2.5","1.5","10.5","/players/h/holidjr01.html"
"164","157","Justin Holiday","SG","30","IND","2","0","19.5","2.0","6.0",".333","1.0","4.0",".250","1.0","2.0",".500",".417","0.0","0.0","","1.0","1.5","2.5","2.0","1.5","0.0","0.0","4.0","5.0","/players/h/holidju01.html"
"165","158","Rondae Hollis-Jefferson","SF","25","TOR","1","0","4.0","0.0","0.0","","0.0","0.0","","0.0","0.0","","","1.0","2.0",".500","0.0","0.0","0.0","0.0","0.0","0.0","0.0","1.0","1.0","/players/h/holliro01.html"
"166","159","Richaun Holmes","C","26","SAC","3","0","16.7","2.3","4.3",".538","0.0","0.0","","2.3","4.3",".538",".538","1.0","1.3",".750","1.0","3.0","4.0","0.3","0.3","1.0","1.3","3.3","5.7","/players/h/holmeri01.html"
"167","160","Rodney Hood","SF","27","POR","3","3","31.0","5.3","10.0",".533","2.3","4.0",".583","3.0","6.0",".500",".650","0.7","1.0",".667","1.0","4.0","5.0","0.7","1.0","0.7","1.3","2.7","13.7","/players/h/hoodro01.html"
"169","161","Al Horford","PF","33","PHI","2","2","32.5","7.0","15.5",".452","1.5","6.5",".231","5.5","9.0",".611",".500","4.0","5.5",".727","0.5","5.0","5.5","4.0","1.0","0.0","0.5","4.5","19.5","/players/h/horfoal01.html"
"170","162","Danuel House","SF","26","HOU","2","2","28.0","3.0","6.0",".500","3.0","4.5",".667","0.0","1.5",".000",".750","2.5","2.5","1.000","0.5","4.5","5.0","1.5","0.5","1.0","0.5","1.5","11.5","/players/h/houseda01.html"
"171","163","Dwight Howard","C","34","LAL","3","0","20.3","3.3","4.7",".714","0.0","0.0","","3.3","4.7",".714",".714","0.3","1.7",".200","3.0","4.7","7.7","1.3","0.7","2.3","1.0","4.0","7.0","/players/h/howardw01.html"
"172","164","Kevin Huerter","SG","21","ATL","2","0","17.5","1.5","5.0",".300","1.0","3.5",".286","0.5","1.5",".333",".400","1.0","1.0","1.000","0.0","3.0","3.0","4.5","0.0","0.5","2.0","3.0","5.0","/players/h/huertke01.html"
"173","165","De'Andre Hunter","SF","22","ATL","2","2","23.5","4.0","6.5",".615","1.0","2.0",".500","3.0","4.5",".667",".692","1.0","1.0","1.000","0.0","2.5","2.5","0.5","0.0","0.5","1.0","2.0","10.0","/players/h/huntede01.html"
"174","166","Serge Ibaka","C","30","TOR","3","0","23.7","5.7","9.0",".630","0.7","1.3",".500","5.0","7.7",".652",".667","2.7","3.7",".727","1.3","5.3","6.7","0.3","0.3","2.0","2.3","2.7","14.7","/players/i/ibakase01.html"
"175","167","Ersan Ilyasova","PF","32","MIL","2","0","20.5","4.5","8.0",".563","1.5","3.5",".429","3.0","4.5",".667",".656","1.5","2.0",".750","2.5","5.5","8.0","0.5","0.5","0.5","1.0","3.0","12.0","/players/i/ilyaser01.html"
"176","168","Joe Ingles","SF","32","UTA","3","1","28.7","2.0","5.0",".400","1.0","3.3",".300","1.0","1.7",".600",".500","0.7","0.7","1.000","0.0","3.7","3.7","2.7","1.0","0.0","1.3","2.0","5.7","/players/i/inglejo01.html"
"177","169","Brandon Ingram","PF","22","NOP","3","3","35.0","10.7","20.3",".525","3.3","6.3",".526","7.3","14.0",".524",".607","2.7","3.3",".800","1.0","8.3","9.3","4.3","0.3","1.7","2.7","3.3","27.3","/players/i/ingrabr01.html"
"178","170","Kyrie Irving","PG","27","BRK","3","3","34.7","12.0","26.3",".456","4.7","11.3",".412","7.3","15.0",".489",".544","9.0","9.7",".931","1.3","4.3","5.7","6.3","1.7","0.7","2.0","3.3","37.7","/players/i/irvinky01.html"
"179","171","Jonathan Isaac","SF","22","ORL","2","2","24.5","2.0","6.5",".308","0.0","2.0",".000","2.0","4.5",".444",".308","1.5","2.0",".750","1.0","5.0","6.0","1.0","1.0","3.0","1.5","2.0","5.5","/players/i/isaacjo01.html"
"180","172","Frank Jackson","PG","21","NOP","3","0","15.7","3.3","8.0",".417","1.3","3.7",".364","2.0","4.3",".462",".500","1.3","1.3","1.000","0.3","0.3","0.7","1.7","0.3","0.0","1.0","2.0","9.3","/players/j/jacksfr01.html"
"181","173","Jaren Jackson","C","20","MEM","3","3","28.7","6.0","12.3",".486","1.0","4.3",".231","5.0","8.0",".625",".527","4.3","5.7",".765","2.3","4.3","6.7","1.0","0.7","1.7","2.3","4.7","17.3","/players/j/jacksja02.html"
"182","174","Justin Jackson","SF","24","DAL","3","0","16.7","2.3","5.7",".412","0.3","2.0",".167","2.0","3.7",".545",".441","1.7","2.0",".833","0.7","2.7","3.3","0.7","0.0","0.0","0.7","1.0","6.7","/players/j/jacksju01.html"
"183","175","Reggie Jackson","PG","29","DET","2","2","18.0","2.0","5.5",".364","0.5","2.5",".200","1.5","3.0",".500",".409","0.5","0.5","1.000","0.5","2.0","2.5","4.0","0.0","0.0","0.5","1.0","5.0","/players/j/jacksre01.html"
"184","176","Justin James","SG","23","SAC","2","0","5.0","1.5","3.5",".429","0.0","1.0",".000","1.5","2.5",".600",".429","0.5","1.0",".500","0.0","0.5","0.5","0.0","0.0","0.5","0.0","0.0","3.5","/players/j/jamesju01.html"
"185","177","LeBron James","SF","35","LAL","3","3","34.0","8.7","18.3",".473","1.0","4.0",".250","7.7","14.3",".535",".500","5.0","5.7",".882","1.3","6.0","7.3","10.0","1.0","0.3","3.3","1.0","23.3","/players/j/jamesle01.html"
"186","178","Cameron Johnson","SF","23","PHO","1","0","9.0","1.0","3.0",".333","1.0","3.0",".333","0.0","0.0","",".500","1.0","2.0",".500","1.0","0.0","1.0","0.0","1.0","0.0","1.0","2.0","4.0","/players/j/johnsca02.html"
"187","179","Stanley Johnson","SF","23","TOR","2","0","5.0","1.0","2.0",".500","0.5","1.5",".333","0.5","0.5","1.000",".625","0.0","0.0","","0.5","1.5","2.0","0.0","0.5","0.0","2.0","2.0","2.5","/players/j/johnsst04.html"
"188","180","Tyler Johnson","PG","27","PHO","3","0","21.0","3.7","7.7",".478","1.7","4.0",".417","2.0","3.7",".545",".587","0.7","0.7","1.000","0.3","1.3","1.7","2.0","0.7","0.3","1.0","2.7","9.7","/players/j/johnsty01.html"
"190","181","Nikola Jokic","C","24","DEN","2","2","32.0","8.0","16.0",".500","1.5","3.5",".429","6.5","12.5",".520",".547","4.0","5.5",".727","3.5","10.0","13.5","7.0","0.5","1.0","4.5","4.0","21.5","/players/j/jokicni01.html"
"191","182","Damian Jones","C","24","ATL","1","0","11.0","2.0","2.0","1.000","0.0","0.0","","2.0","2.0","1.000","1.000","0.0","0.0","","0.0","0.0","0.0","0.0","0.0","1.0","0.0","3.0","4.0","/players/j/jonesda03.html"
"192","183","Derrick Jones","SF","22","MIA","2","0","15.5","3.5","4.5",".778","0.5","1.0",".500","3.0","3.5",".857",".833","1.5","1.5","1.000","0.5","1.0","1.5","0.0","0.5","0.0","0.5","3.5","9.0","/players/j/jonesde02.html"
"193","184","Tyus Jones","PG","23","MEM","3","0","21.3","2.7","9.0",".296","0.3","2.3",".143","2.3","6.7",".350",".315","2.3","3.0",".778","0.0","1.3","1.3","5.0","1.3","0.0","2.0","2.7","8.0","/players/j/jonesty01.html"
"194","185","DeAndre Jordan","C","31","BRK","3","1","21.0","2.0","3.0",".667","0.0","0.0","","2.0","3.0",".667",".667","1.0","2.7",".375","2.0","6.7","8.7","1.0","0.3","0.7","1.7","3.0","5.0","/players/j/jordade01.html"
"195","186","Cory Joseph","PG","28","SAC","3","0","20.0","2.7","6.3",".421","0.3","1.0",".333","2.3","5.3",".438",".447","2.0","2.0","1.000","1.0","1.0","2.0","2.7","0.7","0.3","1.7","2.7","7.7","/players/j/josepco01.html"
"196","187","Mfiondu Kabengele","C","22","LAC","1","0","4.0","1.0","1.0","1.000","1.0","1.0","1.000","0.0","0.0","","1.500","0.0","0.0","","0.0","1.0","1.0","0.0","0.0","1.0","0.0","1.0","3.0","/players/k/kabenmf01.html"
"197","188","Frank Kaminsky","C","26","PHO","3","0","27.3","5.0","10.7",".469","1.0","4.3",".231","4.0","6.3",".632",".516","4.3","4.7",".929","1.0","6.7","7.7","3.0","0.0","0.0","1.7","2.7","15.3","/players/k/kaminfr01.html"
"198","189","Enes Kanter","C","27","BOS","1","1","25.0","5.0","8.0",".625","0.0","1.0",".000","5.0","7.0",".714",".625","2.0","7.0",".286","3.0","3.0","6.0","2.0","0.0","0.0","0.0","3.0","12.0","/players/k/kanteen01.html"
"199","190","Luke Kennard","SG","23","DET","3","0","30.3","5.7","12.0",".472","3.3","7.0",".476","2.3","5.0",".467",".611","5.0","5.7",".882","0.3","2.3","2.7","2.3","0.3","0.0","0.7","2.3","19.7","/players/k/kennalu01.html"
"200","191","Stanton Kidd","SF","27","UTA","2","0","6.0","0.0","1.5",".000","0.0","0.5",".000","0.0","1.0",".000",".000","0.0","0.0","","0.0","1.0","1.0","0.5","0.0","0.0","1.0","1.0","0.0","/players/k/kiddst01.html"
"201","192","Michael Kidd-Gilchrist","SF","26","CHO","1","0","10.0","2.0","7.0",".286","1.0","1.0","1.000","1.0","6.0",".167",".357","0.0","0.0","","1.0","3.0","4.0","0.0","0.0","0.0","1.0","1.0","5.0","/players/k/kiddgmi01.html"
"202","193","Maxi Kleber","PF","28","DAL","3","2","27.0","2.3","5.7",".412","1.0","4.0",".250","1.3","1.7",".800",".500","1.7","2.0",".833","1.7","6.3","8.0","1.7","0.0","1.7","1.7","3.7","7.3","/players/k/klebima01.html"
"203","194","Kevin Knox","SF","20","NYK","3","0","25.3","4.0","8.0",".500","2.3","3.7",".636","1.7","4.3",".385",".646","1.7","2.7",".625","0.0","4.7","4.7","0.7","0.3","0.0","0.7","3.0","12.0","/players/k/knoxke01.html"
"204","195","Furkan Korkmaz","SG","22","PHI","2","0","13.5","0.5","2.5",".200","0.5","2.0",".250","0.0","0.5",".000",".300","0.0","0.0","","0.0","2.0","2.0","0.0","0.0","0.5","1.0","2.0","1.5","/players/k/korkmfu01.html"
"205","196","Luke Kornet","C","24","CHI","3","0","10.7","1.0","5.3",".188","0.7","3.0",".222","0.3","2.3",".143",".250","0.7","0.7","1.000","1.0","1.7","2.7","0.0","0.0","0.7","0.3","0.7","3.3","/players/k/kornelu01.html"
"206","197","Kyle Korver","SG","38","MIL","2","0","16.5","3.0","7.5",".400","2.5","6.0",".417","0.5","1.5",".333",".567","1.0","1.0","1.000","1.0","2.5","3.5","0.5","0.5","0.0","1.0","1.5","9.5","/players/k/korveky01.html"
"207","198","Rodions Kurucs","SF","21","BRK","3","0","10.3","1.3","3.0",".444","0.7","1.0",".667","0.7","2.0",".333",".556","0.7","1.3",".500","0.7","2.3","3.0","0.3","0.3","0.0","1.7","2.3","4.0","/players/k/kurucro01.html"
"208","199","Skal Labissiere","PF","23","POR","3","0","7.3","1.7","2.7",".625","0.0","0.0","","1.7","2.7",".625",".625","0.7","0.7","1.000","1.3","1.7","3.0","0.3","0.0","0.3","1.0","1.3","4.0","/players/l/labissk01.html"
"209","200","Jeremy Lamb","SG","27","IND","1","1","26.0","4.0","11.0",".364","0.0","2.0",".000","4.0","9.0",".444",".364","2.0","3.0",".667","1.0","3.0","4.0","3.0","1.0","0.0","2.0","4.0","10.0","/players/l/lambje01.html"
"211","201","Zach LaVine","SG","24","CHI","3","3","31.3","8.0","17.7",".453","2.0","5.3",".375","6.0","12.3",".486",".509","3.3","4.7",".714","1.7","2.7","4.3","5.0","1.7","0.7","3.0","3.0","21.3","/players/l/lavinza01.html"
"212","202","Jake Layman","PF","25","MIN","3","0","24.7","3.7","9.7",".379","2.0","5.3",".375","1.7","4.3",".385",".483","0.0","0.3",".000","0.3","1.7","2.0","1.0","0.3","0.7","1.3","2.7","9.3","/players/l/laymaja01.html"
"213","203","T.J. Leaf","PF","22","IND","2","0","10.5","0.5","3.0",".167","0.5","1.0",".500","0.0","2.0",".000",".250","1.0","1.0","1.000","1.0","1.0","2.0","1.0","0.0","0.0","1.0","1.0","2.5","/players/l/leaftj01.html"
"214","204","Courtney Lee","SG","34","DAL","2","2","11.0","1.5","3.5",".429","0.0","1.5",".000","1.5","2.0",".750",".429","0.0","0.0","","0.0","0.5","0.5","0.0","0.0","0.0","0.0","1.0","3.0","/players/l/leeco01.html"
"215","205","Damion Lee","SG","27","GSW","2","0","10.5","0.5","2.5",".200","0.0","1.5",".000","0.5","1.0",".500",".200","3.5","4.0",".875","0.0","2.0","2.0","0.5","0.5","0.0","0.0","1.0","4.5","/players/l/leeda03.html"
"216","206","Alex Len","C","26","ATL","2","2","22.0","1.0","4.5",".222","0.5","2.0",".250","0.5","2.5",".200",".278","1.0","1.0","1.000","1.0","4.0","5.0","1.0","1.0","1.0","1.5","3.0","3.5","/players/l/lenal01.html"
"217","207","Kawhi Leonard","SF","28","LAC","3","3","28.3","10.0","19.7",".508","1.7","4.7",".357","8.3","15.0",".556",".551","4.3","5.7",".765","0.7","5.7","6.3","8.0","1.7","0.7","3.3","3.3","26.0","/players/l/leonaka01.html"
"218","208","Meyers Leonard","C","27","MIA","3","3","18.7","1.7","3.3",".500","1.0","1.7",".600","0.7","1.7",".400",".650","0.0","0.0","","0.7","3.7","4.3","0.3","0.7","0.0","0.3","3.0","4.3","/players/l/leoname01.html"
"219","209","Caris LeVert","SG","25","BRK","3","3","33.3","8.0","16.0",".500","1.7","5.0",".333","6.3","11.0",".576",".552","2.0","3.7",".545","0.0","3.7","3.7","4.3","1.7","0.0","4.3","2.7","19.7","/players/l/leverca01.html"
"220","210","Damian Lillard","PG","29","POR","3","3","36.7","10.7","20.3",".525","2.3","8.0",".292","8.3","12.3",".676",".582","8.0","9.0",".889","0.3","3.7","4.0","6.0","1.7","0.3","2.7","3.3","31.7","/players/l/lillada01.html"
"221","211","Nassir Little","SF","19","POR","1","0","2.0","0.0","1.0",".000","0.0","0.0","","0.0","1.0",".000",".000","0.0","0.0","","0.0","0.0","0.0","0.0","0.0","0.0","0.0","0.0","0.0","/players/l/littlna01.html"
"222","212","Kevon Looney","C","23","GSW","1","1","10.0","1.0","4.0",".250","1.0","1.0","1.000","0.0","3.0",".000",".375","0.0","0.0","","5.0","4.0","9.0","1.0","0.0","0.0","1.0","3.0","3.0","/players/l/looneke01.html"
"223","213","Brook Lopez","C","31","MIL","2","2","31.0","3.0","9.0",".333","1.5","5.5",".273","1.5","3.5",".429",".417","4.0","4.0","1.000","0.0","4.5","4.5","2.0","0.0","3.0","1.0","1.5","11.5","/players/l/lopezbr01.html"
"224","214","Robin Lopez","C","31","MIL","2","0","14.5","2.0","4.5",".444","0.0","2.0",".000","2.0","2.5",".800",".444","0.0","1.5",".000","0.0","1.5","1.5","0.5","0.0","0.0","1.0","2.5","4.0","/players/l/lopezro01.html"
"225","215","Kevin Love","PF","31","CLE","2","2","34.5","4.5","9.0",".500","1.5","3.0",".500","3.0","6.0",".500",".583","5.5","6.5",".846","0.5","15.0","15.5","6.0","1.5","0.0","3.0","2.5","16.0","/players/l/loveke01.html"
"226","216","Kyle Lowry","PG","33","TOR","3","3","39.7","6.3","14.7",".432","4.0","10.0",".400","2.3","4.7",".500",".568","4.0","4.7",".857","0.3","5.0","5.3","7.0","1.3","0.7","3.3","3.7","20.7","/players/l/lowryky01.html"
"227","217","Trey Lyles","PF","24","SAS","2","2","21.0","2.0","4.5",".444","0.0","0.5",".000","2.0","4.0",".500",".444","1.0","1.0","1.000","3.0","6.0","9.0","1.5","0.0","0.0","0.5","2.0","5.0","/players/l/lylestr01.html"
"228","218","Daryl Macon","SG","24","MIA","1","0","1.0","0.0","0.0","","0.0","0.0","","0.0","0.0","","","0.0","0.0","","0.0","0.0","0.0","0.0","0.0","0.0","0.0","0.0","0.0","/players/m/maconda01.html"
"229","219","Thon Maker","C","22","DET","3","0","19.7","0.7","2.7",".250","0.0","1.3",".000","0.7","1.3",".500",".250","1.0","1.3",".750","0.7","2.3","3.0","0.7","0.3","1.7","1.3","1.3","2.3","/players/m/makerth01.html"
"230","220","Terance Mann","SG","23","LAC","2","0","2.0","0.0","0.0","","0.0","0.0","","0.0","0.0","","","0.0","0.0","","0.0","0.5","0.5","0.0","0.0","0.0","0.0","1.0","0.0","/players/m/mannte01.html"
"232","221","Lauri Markkanen","PF","22","CHI","3","3","32.0","6.7","16.7",".400","1.0","7.0",".143","5.7","9.7",".586",".430","3.3","4.7",".714","2.7","9.0","11.7","2.0","1.3","0.3","3.3","1.0","17.7","/players/m/markkla01.html"
"233","222","Caleb Martin","SF","24","CHO","2","0","9.5","1.0","4.0",".250","0.0","1.0",".000","1.0","3.0",".333",".250","0.0","0.5",".000","0.0","1.5","1.5","1.5","0.5","1.0","1.0","1.0","2.0","/players/m/martica02.html"
"234","223","Cody Martin","SF","24","CHO","2","0","9.5","1.0","2.5",".400","0.0","1.0",".000","1.0","1.5",".667",".400","1.5","2.0",".750","0.0","2.0","2.0","0.5","1.0","0.0","0.0","0.5","3.5","/players/m/martico01.html"
"235","224","Kelan Martin","SF","24","MIN","1","0","5.0","0.0","3.0",".000","0.0","1.0",".000","0.0","2.0",".000",".000","0.0","0.0","","0.0","1.0","1.0","0.0","0.0","0.0","0.0","1.0","0.0","/players/m/martike03.html"
"236","225","Garrison Mathews","SG","23","WAS","2","0","7.0","0.0","1.0",".000","0.0","1.0",".000","0.0","0.0","",".000","0.0","0.0","","0.0","0.5","0.5","1.0","0.0","0.0","0.5","1.5","0.0","/players/m/mathega01.html"
"237","226","Wesley Matthews","SG","33","MIL","2","2","30.5","5.5","10.5",".524","3.0","7.5",".400","2.5","3.0",".833",".667","0.0","0.0","","0.0","2.5","2.5","1.0","1.5","0.5","0.5","1.5","14.0","/players/m/matthwe02.html"
"238","227","CJ McCollum","SG","28","POR","3","3","37.0","8.7","20.7",".419","1.3","4.0",".333","7.3","16.7",".440",".452","3.3","3.3","1.000","0.7","3.0","3.7","3.3","1.3","0.0","3.0","2.7","22.0","/players/m/mccolcj01.html"
"239","228","T.J. McConnell","PG","27","IND","2","0","17.0","1.5","5.0",".300","0.0","0.5",".000","1.5","4.5",".333",".300","0.0","0.0","","0.5","3.0","3.5","4.0","1.0","0.5","2.0","1.0","3.0","/players/m/mccontj01.html"
"240","229","Jalen McDaniels","PF","22","CHO","1","0","3.0","1.0","2.0",".500","0.0","0.0","","1.0","2.0",".500",".500","0.0","0.0","","1.0","0.0","1.0","0.0","0.0","0.0","0.0","0.0","2.0","/players/m/mcdanja01.html"
"241","230","Doug McDermott","PF","28","IND","2","0","11.5","1.5","4.5",".333","1.5","3.0",".500","0.0","1.5",".000",".500","0.0","0.0","","0.0","1.0","1.0","0.5","0.5","0.5","1.0","0.5","4.5","/players/m/mcderdo01.html"
"242","231","JaVale McGee","C","32","LAL","3","3","15.0","2.3","4.0",".583","0.0","0.0","","2.3","4.0",".583",".583","0.0","0.3",".000","2.3","1.0","3.3","0.3","0.3","0.7","1.3","1.0","4.7","/players/m/mcgeeja01.html"
"243","232","Alfonzo McKinnie","SF","27","CLE","1","0","0.0","0.0","0.0","","0.0","0.0","","0.0","0.0","","","0.0","0.0","","0.0","0.0","0.0","0.0","0.0","0.0","0.0","0.0","0.0","/players/m/mckinal01.html"
"244","233","Ben McLemore","SG","26","HOU","2","0","9.5","1.0","3.5",".286","1.0","3.5",".286","0.0","0.0","",".429","0.0","0.0","","0.0","0.0","0.0","0.5","0.0","0.0","0.5","0.0","3.0","/players/m/mclembe01.html"
"245","234","Jordan McRae","SG","28","WAS","1","0","23.0","4.0","9.0",".444","1.0","3.0",".333","3.0","6.0",".500",".500","2.0","2.0","1.000","0.0","5.0","5.0","3.0","0.0","0.0","1.0","2.0","11.0","/players/m/mcraejo01.html"
"246","235","Nicolo Melli","C","29","NOP","3","0","15.0","3.7","5.3",".688","1.3","2.3",".571","2.3","3.0",".778",".813","0.7","1.0",".667","1.0","2.0","3.0","1.3","0.0","0.0","1.3","2.3","9.3","/players/m/mellini01.html"
"247","236","De'Anthony Melton","PG","21","MEM","1","0","3.0","0.0","0.0","","0.0","0.0","","0.0","0.0","","","0.0","2.0",".000","0.0","0.0","0.0","2.0","1.0","0.0","0.0","0.0","0.0","/players/m/meltode01.html"
"248","237","Khris Middleton","SF","28","MIL","2","2","35.5","5.5","16.0",".344","3.5","10.0",".350","2.0","6.0",".333",".453","3.5","4.5",".778","0.5","5.5","6.0","3.0","1.0","0.5","2.0","3.5","18.0","/players/m/middlkh01.html"
"249","238","Malcolm Miller","SG","26","TOR","1","0","5.0","0.0","1.0",".000","0.0","1.0",".000","0.0","0.0","",".000","0.0","0.0","","0.0","3.0","3.0","0.0","0.0","0.0","0.0","1.0","0.0","/players/m/millema01.html"
"250","239","Patty Mills","PG","31","SAS","2","0","17.5","2.5","8.0",".313","2.0","5.0",".400","0.5","3.0",".167",".438","0.0","0.0","","0.5","0.5","1.0","2.0","1.0","0.0","1.0","2.0","7.0","/players/m/millspa02.html"
"251","240","Paul Millsap","PF","34","DEN","2","2","26.5","3.0","7.0",".429","1.5","3.0",".500","1.5","4.0",".375",".536","2.0","2.0","1.000","0.0","3.5","3.5","2.0","2.0","1.5","1.0","2.5","9.5","/players/m/millspa01.html"
"253","241","Shake Milton","SG","23","PHI","2","0","6.5","2.0","3.5",".571","1.0","2.0",".500","1.0","1.5",".667",".714","0.0","0.0","","0.0","1.0","1.0","1.5","0.0","0.0","1.0","1.0","5.0","/players/m/miltosh01.html"
"254","242","Donovan Mitchell","SG","23","UTA","3","3","32.0","9.0","15.3",".587","1.3","2.7",".500","7.7","12.7",".605",".630","4.3","4.7",".929","1.7","4.3","6.0","3.3","1.7","0.3","1.0","2.3","23.7","/players/m/mitchdo01.html"
"255","243","Malik Monk","SG","21","CHO","3","0","16.7","1.0","3.7",".273","0.3","1.7",".200","0.7","2.0",".333",".318","0.0","0.0","","0.0","0.7","0.7","2.3","0.3","0.0","1.7","1.7","2.3","/players/m/monkma01.html"
"256","244","E'Twaun Moore","SG","30","NOP","1","0","12.0","2.0","7.0",".286","1.0","3.0",".333","1.0","4.0",".250",".357","0.0","0.0","","1.0","2.0","3.0","2.0","0.0","0.0","0.0","0.0","5.0","/players/m/mooreet01.html"
"257","245","Ja Morant","PG","20","MEM","3","3","28.7","7.3","14.3",".512","0.7","1.3",".500","6.7","13.0",".513",".535","2.7","4.0",".667","1.0","2.7","3.7","6.0","1.7","0.7","5.3","2.7","18.0","/players/m/moranja01.html"
"258","246","Marcus Morris","PF","30","NYK","3","3","33.7","5.0","12.0",".417","2.0","4.0",".500","3.0","8.0",".375",".500","4.3","4.7",".929","0.7","3.7","4.3","0.7","1.3","0.3","2.0","4.3","16.3","/players/m/morrima03.html"
"259","247","Markieff Morris","PF","30","DET","3","3","25.0","3.7","9.7",".379","1.3","4.0",".333","2.3","5.7",".412",".448","2.0","3.0",".667","1.0","4.3","5.3","1.7","1.0","0.3","2.7","2.7","10.7","/players/m/morrima02.html"
"260","248","Monte Morris","PG","24","DEN","2","0","13.5","1.0","6.0",".167","0.0","0.0","","1.0","6.0",".167",".167","1.0","1.0","1.000","0.0","0.5","0.5","2.5","0.0","0.0","0.5","0.0","3.0","/players/m/morrimo01.html"
"261","249","Johnathan Motley","PF","24","LAC","2","0","2.0","0.5","1.5",".333","0.5","0.5","1.000","0.0","1.0",".000",".500","0.0","0.0","","0.5","0.5","1.0","1.0","0.0","0.0","1.0","0.5","1.5","/players/m/motlejo01.html"
"262","250","Emmanuel Mudiay","PG","23","UTA","3","0","20.7","5.0","10.7",".469","0.7","3.0",".222","4.3","7.7",".565",".500","0.7","0.7","1.000","0.3","2.3","2.7","3.7","0.3","0.3","2.7","2.7","11.3","/players/m/mudiaem01.html"
"263","251","Dejounte Murray","PG","23","SAS","2","2","23.5","7.5","12.5",".600","0.5","2.0",".250","7.0","10.5",".667",".620","3.0","3.0","1.000","1.5","7.5","9.0","5.0","2.5","0.5","2.5","1.0","18.5","/players/m/murrade01.html"
"264","252","Jamal Murray","PG","22","DEN","2","2","37.0","6.0","16.5",".364","2.5","5.5",".455","3.5","11.0",".318",".439","6.0","7.5",".800","1.0","5.0","6.0","4.5","1.0","0.5","2.5","2.5","20.5","/players/m/murraja01.html"
"265","253","Mike Muscala","C","28","OKC","3","0","11.7","0.7","3.7",".182","0.3","3.0",".111","0.3","0.7",".500",".227","1.3","1.3","1.000","0.0","3.0","3.0","0.7","0.0","0.7","0.3","2.0","3.0","/players/m/muscami01.html"
"266","254","Abdel Nader","SF","26","OKC","2","0","12.0","1.0","3.5",".286","0.5","2.0",".250","0.5","1.5",".333",".357","0.0","0.0","","0.0","1.5","1.5","0.5","0.0","0.0","1.5","2.0","2.5","/players/n/naderab01.html"
"267","255","Larry Nance","C","27","CLE","2","0","23.0","4.0","9.0",".444","1.0","4.5",".222","3.0","4.5",".667",".500","0.0","1.0",".000","2.5","6.5","9.0","1.5","0.5","0.5","2.0","3.0","9.0","/players/n/nancela02.html"
"268","256","Shabazz Napier","PG","28","MIN","3","0","20.3","1.3","6.0",".222","1.0","5.0",".200","0.3","1.0",".333",".306","3.7","4.3",".846","0.3","3.0","3.3","6.0","1.0","0.7","2.3","0.7","7.3","/players/n/napiesh01.html"
"269","257","Raul Neto","PG","27","PHI","2","0","3.5","1.0","1.5",".667","0.0","0.0","","1.0","1.5",".667",".667","0.0","0.0","","0.5","0.0","0.5","1.0","0.0","0.0","0.5","0.0","2.0","/players/n/netora01.html"
"270","258","Georges Niang","PF","26","UTA","3","0","13.7","2.3","4.0",".583","1.3","3.0",".444","1.0","1.0","1.000",".750","1.3","1.3","1.000","0.0","2.0","2.0","0.7","0.0","0.0","1.0","1.3","7.3","/players/n/niangge01.html"
"271","259","Nerlens Noel","C","25","OKC","3","0","9.0","1.3","2.0",".667","0.0","0.0","","1.3","2.0",".667",".667","0.0","0.0","","0.7","1.7","2.3","1.0","0.3","1.0","0.3","1.0","2.7","/players/n/noelne01.html"
"272","260","Zach Norvell","SG","22","LAL","2","0","2.5","0.0","0.5",".000","0.0","0.0","","0.0","0.5",".000",".000","0.0","0.0","","0.0","0.5","0.5","0.0","0.0","0.0","0.0","0.0","0.0","/players/n/norveza01.html"
"274","261","Frank Ntilikina","PG","21","NYK","2","0","1.5","0.0","0.5",".000","0.0","0.0","","0.0","0.5",".000",".000","0.0","0.0","","0.0","0.0","0.0","0.0","0.5","0.0","1.0","0.5","0.0","/players/n/ntilila01.html"
"275","262","Kendrick Nunn","SG","24","MIA","3","3","31.7","9.0","17.3",".519","2.7","6.3",".421","6.3","11.0",".576",".596","1.7","1.7","1.000","0.0","3.3","3.3","3.3","2.0","0.3","2.0","4.0","22.3","/players/n/nunnke01.html"
"276","263","David Nwaba","SG","27","BRK","3","0","13.7","0.7","0.7","1.000","0.3","0.3","1.000","0.3","0.3","1.000","1.250","0.3","1.3",".250","0.3","2.0","2.3","0.3","0.3","0.3","0.7","1.7","2.0","/players/n/nwabada01.html"
"277","264","Royce O'Neale","PF","26","UTA","3","2","26.7","4.0","5.7",".706","1.7","2.7",".625","2.3","3.0",".778",".853","0.0","0.0","","0.0","4.0","4.0","1.0","0.7","0.0","1.7","3.7","9.7","/players/o/onealro01.html"
"278","265","Kyle O'Quinn","C","29","PHI","2","0","9.0","1.0","2.0",".500","0.5","1.0",".500","0.5","1.0",".500",".625","1.0","2.0",".500","1.0","2.5","3.5","0.0","0.0","1.0","1.0","1.5","3.5","/players/o/oquinky01.html"
"279","266","Semi Ojeleye","PF","25","BOS","3","0","9.7","0.3","0.7",".500","0.0","0.3",".000","0.3","0.3","1.000",".500","0.0","0.3",".000","0.0","1.0","1.0","0.7","0.0","0.0","0.0","0.3","0.7","/players/o/ojelese01.html"
"280","267","Jahlil Okafor","C","24","NOP","3","0","10.3","2.7","3.3",".800","0.0","0.0","","2.7","3.3",".800",".800","0.7","1.0",".667","1.3","2.0","3.3","0.7","0.0","0.7","0.3","3.3","6.0","/players/o/okafoja01.html"
"281","268","Elie Okobo","PG","22","PHO","2","0","3.5","1.5","2.0",".750","0.5","1.0",".500","1.0","1.0","1.000",".875","0.0","0.0","","0.0","1.0","1.0","0.5","0.0","0.0","0.0","0.5","3.5","/players/o/okoboel01.html"
"282","269","Josh Okogie","SG","21","MIN","3","0","20.3","3.7","6.3",".579","0.7","2.3",".286","3.0","4.0",".750",".632","3.0","3.7",".818","2.0","2.3","4.3","2.7","1.3","0.0","1.3","1.7","11.0","/players/o/okogijo01.html"
"283","270","KZ Okpala","SF","20","MIA","2","0","1.5","0.0","0.0","","0.0","0.0","","0.0","0.0","","","0.0","0.0","","0.0","0.5","0.5","0.0","0.0","0.0","0.5","0.0","0.0","/players/o/okpalkz01.html"
"284","271","Kelly Olynyk","C","28","MIA","3","0","21.0","2.3","6.3",".368","1.7","4.3",".385","0.7","2.0",".333",".500","1.3","1.3","1.000","1.0","3.7","4.7","2.0","0.7","0.7","2.0","3.7","7.7","/players/o/olynyke01.html"
"285","272","Cedi Osman","SF","24","CLE","2","2","28.5","2.5","6.0",".417","1.5","3.5",".429","1.0","2.5",".400",".542","0.5","1.0",".500","0.0","2.0","2.0","1.0","1.0","0.0","1.5","2.0","7.0","/players/o/osmande01.html"
"286","273","Kelly Oubre","SF","24","PHO","3","3","29.7","6.7","13.0",".513","1.7","4.3",".385","5.0","8.7",".577",".577","6.3","6.3","1.000","2.0","5.3","7.3","1.3","2.0","1.0","1.7","4.0","21.3","/players/o/oubreke01.html"
"287","274","Jabari Parker","PF","24","ATL","2","0","20.0","6.0","9.0",".667","1.0","2.0",".500","5.0","7.0",".714",".722","1.0","1.0","1.000","0.5","2.0","2.5","0.5","0.0","0.5","1.5","2.0","14.0","/players/p/parkeja01.html"
"288","275","Eric Paschall","PF","23","GSW","2","0","28.0","5.0","9.5",".526","0.0","1.0",".000","5.0","8.5",".588",".526","2.0","2.5",".800","1.5","2.0","3.5","2.0","1.0","0.0","0.5","1.0","12.0","/players/p/pascher01.html"
"289","276","Patrick Patterson","PF","30","LAC","3","3","25.7","3.3","8.0",".417","2.7","6.0",".444","0.7","2.0",".333",".583","0.3","0.7",".500","0.3","4.0","4.3","0.7","0.0","0.3","0.3","2.3","9.7","/players/p/pattepa01.html"
"290","277","Justin Patton","C","22","OKC","1","0","6.0","0.0","2.0",".000","0.0","1.0",".000","0.0","1.0",".000",".000","0.0","0.0","","0.0","2.0","2.0","0.0","0.0","0.0","1.0","3.0","0.0","/players/p/pattoju01.html"
"291","278","Chris Paul","PG","34","OKC","3","3","26.3","4.0","9.7",".414","2.0","3.7",".545","2.0","6.0",".333",".517","2.7","3.7",".727","0.3","4.0","4.3","3.0","0.7","0.0","2.0","2.0","12.7","/players/p/paulch01.html"
"292","279","Elfrid Payton","PG","25","NYK","3","2","27.0","3.3","8.7",".385","1.7","2.7",".625","1.7","6.0",".278",".481","1.3","1.3","1.000","0.7","2.7","3.3","5.0","3.0","0.0","2.0","2.7","9.7","/players/p/paytoel01.html"
"293","280","Mason Plumlee","C","29","DEN","2","0","15.5","1.0","3.0",".333","0.0","0.0","","1.0","3.0",".333",".333","1.5","2.5",".600","1.5","3.0","4.5","3.0","0.5","0.5","0.5","2.5","3.5","/players/p/plumlma01.html"
"295","281","Vincent Poirier","C","26","BOS","1","0","6.0","1.0","2.0",".500","0.0","0.0","","1.0","2.0",".500",".500","0.0","0.0","","0.0","0.0","0.0","0.0","0.0","0.0","1.0","2.0","2.0","/players/p/poirivi01.html"
"296","282","Jakob Poltl","C","24","SAS","2","0","15.5","2.5","5.5",".455","0.0","0.0","","2.5","5.5",".455",".455","1.0","1.5",".667","3.0","2.0","5.0","2.5","0.0","2.0","0.5","1.0","6.0","/players/p/poeltja01.html"
"297","283","Jordan Poole","SG","20","GSW","2","0","22.0","1.5","11.0",".136","1.0","6.0",".167","0.5","5.0",".100",".182","1.5","1.5","1.000","0.0","2.0","2.0","1.5","1.0","0.0","1.5","0.5","5.5","/players/p/poolejo01.html"
"298","284","Kevin Porter","SG","19","CLE","2","0","19.0","1.5","6.0",".250","0.0","2.0",".000","1.5","4.0",".375",".250","0.0","0.0","","0.0","0.5","0.5","2.0","0.5","1.0","1.5","3.0","3.0","/players/p/porteke02.html"
"299","285","Otto Porter","SF","26","CHI","3","3","23.0","2.0","7.7",".261","1.0","4.3",".231","1.0","3.3",".300",".326","2.3","2.7",".875","0.7","2.3","3.0","0.7","1.3","0.3","0.7","2.3","7.3","/players/p/porteot01.html"
"300","286","Bobby Portis","C","24","NYK","3","1","23.3","2.7","7.3",".364","0.0","2.3",".000","2.7","5.0",".533",".364","0.7","1.0",".667","1.3","5.3","6.7","2.0","1.0","0.3","1.7","3.3","6.0","/players/p/portibo01.html"
"301","287","Kristaps Porzingis","PF","24","DAL","3","3","31.0","8.7","18.7",".464","3.0","7.3",".409","5.7","11.3",".500",".545","6.0","8.3",".720","1.0","4.7","5.7","3.3","0.3","2.7","2.3","3.7","26.3","/players/p/porzikr01.html"
"302","288","Norman Powell","SG","26","TOR","3","0","26.0","2.3","6.3",".368","1.0","4.0",".250","1.3","2.3",".571",".447","0.7","0.7","1.000","0.7","5.3","6.0","2.0","1.0","0.0","2.7","1.3","6.3","/players/p/powelno01.html"
"303","289","Julius Randle","PF","25","NYK","3","3","34.7","6.3","14.7",".432","0.3","2.7",".125","6.0","12.0",".500",".443","3.3","5.7",".588","3.3","7.3","10.7","4.3","1.3","0.0","4.0","3.3","16.3","/players/r/randlju01.html"
"304","290","Cam Reddish","SF","20","ATL","2","2","22.0","1.5","7.5",".200","0.0","4.0",".000","1.5","3.5",".429",".200","0.5","1.0",".500","1.0","4.0","5.0","0.5","1.0","0.0","0.5","1.0","3.5","/players/r/reddica01.html"
"305","291","J.J. Redick","SG","35","NOP","3","3","25.7","3.7","9.3",".393","3.0","6.3",".474","0.7","3.0",".222",".554","0.7","0.7","1.000","0.3","1.0","1.3","1.3","0.0","0.0","3.3","2.7","11.0","/players/r/redicjj01.html"
"306","292","Josh Richardson","SG","26","PHI","2","2","35.0","4.0","12.0",".333","0.0","4.0",".000","4.0","8.0",".500",".333","5.5","5.5","1.000","1.0","2.5","3.5","4.0","1.5","1.0","2.5","3.0","13.5","/players/r/richajo01.html"
"307","293","Austin Rivers","SG","27","HOU","2","0","14.5","1.5","4.5",".333","1.0","3.5",".286","0.5","1.0",".500",".444","1.5","2.5",".600","0.5","1.5","2.0","0.0","0.0","0.0","0.0","2.5","5.5","/players/r/riverau01.html"
"308","294","Duncan Robinson","PF","25","MIA","3","0","23.0","4.0","7.7",".522","2.7","5.7",".471","1.3","2.0",".667",".696","0.3","0.3","1.000","0.0","1.0","1.0","0.7","0.0","1.0","0.7","2.7","11.0","/players/r/robindu01.html"
"309","295","Glenn Robinson","SF","26","GSW","2","2","25.5","3.0","8.5",".353","0.5","3.5",".143","2.5","5.0",".500",".382","1.5","2.0",".750","3.0","2.5","5.5","1.0","1.0","0.0","1.0","2.0","8.0","/players/r/robingl02.html"
"310","296","Jerome Robinson","SG","22","LAC","2","0","2.0","0.5","1.5",".333","0.5","0.5","1.000","0.0","1.0",".000",".500","0.0","0.0","","0.0","1.0","1.0","0.0","0.0","0.0","0.0","0.0","1.5","/players/r/robinje01.html"
"311","297","Justin Robinson","PG","22","WAS","1","0","1.0","0.0","0.0","","0.0","0.0","","0.0","0.0","","","0.0","0.0","","0.0","0.0","0.0","0.0","0.0","0.0","0.0","0.0","0.0","/players/r/robinju01.html"
"312","298","Mitchell Robinson","C","21","NYK","2","2","18.0","5.0","5.5",".909","0.0","0.0","","5.0","5.5",".909",".909","1.5","1.5","1.000","3.0","3.5","6.5","0.5","2.0","2.0","2.0","4.5","11.5","/players/r/robinmi01.html"
"313","299","Derrick Rose","PG","31","DET","3","0","26.3","10.3","16.0",".646","0.3","0.7",".500","10.0","15.3",".652",".656","4.3","4.7",".929","0.3","1.7","2.0","5.0","1.0","0.7","4.3","1.3","25.3","/players/r/rosede01.html"
"314","300","Terrence Ross","SG","28","ORL","2","0","21.5","2.5","10.5",".238","1.5","6.5",".231","1.0","4.0",".250",".310","2.5","2.5","1.000","0.0","4.0","4.0","0.5","1.0","0.0","1.0","1.0","9.0","/players/r/rosste01.html"
"316","301","Terry Rozier","PG","25","CHO","3","3","26.7","4.0","10.0",".400","2.0","5.7",".353","2.0","4.3",".462",".500","2.3","2.3","1.000","0.3","3.3","3.7","6.7","0.7","0.0","3.0","3.0","12.3","/players/r/roziete01.html"
"317","302","Ricky Rubio","PG","29","PHO","2","2","32.5","2.5","9.5",".263","0.0","1.5",".000","2.5","8.0",".313",".263","5.0","5.5",".909","1.0","6.0","7.0","10.0","3.0","0.0","4.5","4.0","10.0","/players/r/rubiori01.html"
"318","303","D'Angelo Russell","SG","23","GSW","2","2","28.0","4.5","13.0",".346","2.0","4.5",".444","2.5","8.5",".294",".423","2.0","2.0","1.000","0.0","0.5","0.5","5.0","0.0","0.0","1.0","2.0","13.0","/players/r/russeda01.html"
"319","304","Domantas Sabonis","C","23","IND","2","2","34.5","8.5","14.0",".607","0.0","0.5",".000","8.5","13.5",".630",".607","3.5","3.5","1.000","2.5","6.5","9.0","2.0","1.0","0.0","3.5","5.0","20.5","/players/s/sabondo01.html"
"320","305","Dario Saric","PF","25","PHO","3","3","29.0","3.3","8.7",".385","1.3","4.3",".308","2.0","4.3",".462",".462","1.3","2.0",".667","1.0","6.3","7.3","1.7","1.0","0.3","0.7","1.7","9.3","/players/s/saricda01.html"
"321","306","Tomas Satoransky","PG","28","CHI","3","3","24.3","2.0","6.3",".316","0.7","2.0",".333","1.3","4.3",".308",".368","1.7","1.7","1.000","1.3","0.3","1.7","3.0","1.7","0.7","0.7","2.3","6.3","/players/s/satorto01.html"
"322","307","Admiral Schofield","SF","22","WAS","3","0","11.7","0.7","1.7",".400","0.3","1.3",".250","0.3","0.3","1.000",".500","0.7","0.7","1.000","0.7","1.3","2.0","0.3","0.0","0.0","0.0","0.3","2.3","/players/s/schofad01.html"
"323","308","Dennis Schroder","PG","26","OKC","3","0","27.0","4.7","11.7",".400","0.7","2.7",".250","4.0","9.0",".444",".429","1.3","1.7",".800","0.7","5.3","6.0","4.3","1.7","0.3","2.3","2.7","11.3","/players/s/schrode01.html"
"324","309","Mike Scott","PF","31","PHI","2","0","19.5","3.5","7.0",".500","2.5","4.5",".556","1.0","2.5",".400",".679","2.0","2.0","1.000","1.0","3.5","4.5","1.0","0.0","0.0","0.0","2.0","11.5","/players/s/scottmi01.html"
"325","310","Thabo Sefolosha","SF","35","HOU","2","0","12.0","0.0","1.5",".000","0.0","1.0",".000","0.0","0.5",".000",".000","0.0","0.0","","1.5","4.0","5.5","1.5","0.5","0.0","0.5","0.5","0.0","/players/s/sefolth01.html"
"326","311","Collin Sexton","PG","21","CLE","2","2","30.0","5.5","14.5",".379","2.5","5.5",".455","3.0","9.0",".333",".466","3.5","5.0",".700","1.5","2.0","3.5","2.5","0.0","0.0","2.5","1.0","17.0","/players/s/sextoco01.html"
"327","312","Landry Shamet","SG","22","LAC","3","3","32.0","2.7","6.3",".421","2.0","4.7",".429","0.7","1.7",".400",".579","1.0","1.0","1.000","0.0","1.0","1.0","3.0","0.0","0.3","0.3","2.7","8.3","/players/s/shamela01.html"
"328","313","Pascal Siakam","PF","25","TOR","3","3","34.0","9.7","21.0",".460","2.7","5.7",".471","7.0","15.3",".457",".524","6.7","7.0",".952","3.0","7.7","10.7","3.7","0.3","0.3","4.3","4.3","28.7","/players/s/siakapa01.html"
"329","314","Chris Silva","PF","23","MIA","3","0","7.7","1.0","1.0","1.000","0.0","0.0","","1.0","1.0","1.000","1.000","1.3","1.3","1.000","1.7","1.3","3.0","0.3","0.3","1.7","1.0","2.7","3.3","/players/s/silvach01.html"
"330","315","Ben Simmons","PG","23","PHI","2","2","35.0","8.0","14.5",".552","0.0","0.0","","8.0","14.5",".552",".552","2.5","6.0",".417","1.0","5.0","6.0","9.5","3.5","0.0","4.5","4.0","18.5","/players/s/simmobe01.html"
"331","316","Anfernee Simons","SG","20","POR","3","0","16.0","3.0","6.0",".500","1.3","3.3",".400","1.7","2.7",".625",".611","0.3","0.7",".500","0.0","0.7","0.7","0.0","1.0","0.0","1.7","1.3","7.7","/players/s/simonan01.html"
"332","317","Marcus Smart","SG","25","BOS","3","0","29.7","3.0","9.0",".333","1.7","6.3",".263","1.3","2.7",".500",".426","1.0","1.0","1.000","1.0","2.7","3.7","5.0","0.7","0.7","0.7","2.0","8.7","/players/s/smartma01.html"
"333","318","Dennis Smith","PG","22","NYK","3","0","8.7","0.3","3.7",".091","0.0","1.0",".000","0.3","2.7",".125",".091","0.3","0.7",".500","0.0","0.3","0.3","1.0","0.3","0.3","0.7","2.0","1.0","/players/s/smithde03.html"
"334","319","Ish Smith","PG","31","WAS","3","3","28.7","4.3","10.0",".433","1.0","3.3",".300","3.3","6.7",".500",".483","0.3","0.7",".500","1.0","2.3","3.3","4.3","0.7","0.3","1.0","2.7","10.0","/players/s/smithis01.html"
"335","320","Tony Snell","SF","28","DET","3","3","30.0","2.7","6.3",".421","2.0","4.7",".429","0.7","1.7",".400",".579","0.0","0.0","","0.3","1.3","1.7","3.3","0.7","0.3","0.3","3.0","7.3","/players/s/snellto01.html"
"337","321","Omari Spellman","PF","22","GSW","2","0","18.0","3.0","8.0",".375","1.0","2.5",".400","2.0","5.5",".364",".438","1.5","1.5","1.000","2.5","4.0","6.5","1.0","1.5","1.5","0.5","1.5","8.5","/players/s/spellom01.html"
"338","322","Edmond Sumner","PG","24","IND","2","1","19.0","3.5","5.5",".636","0.0","0.5",".000","3.5","5.0",".700",".636","1.0","1.5",".667","0.5","0.5","1.0","1.5","1.5","0.0","0.5","4.0","8.0","/players/s/sumneed01.html"
"339","323","Caleb Swanigan","PF","22","SAC","3","0","3.0","0.0","0.3",".000","0.0","0.0","","0.0","0.3",".000",".000","0.3","0.7",".500","0.3","1.0","1.3","0.0","0.3","0.7","0.3","0.7","0.3","/players/s/swanica01.html"
"340","324","Jayson Tatum","PF","21","BOS","3","3","35.3","7.0","20.3",".344","3.3","7.3",".455","3.7","13.0",".282",".426","3.0","4.0",".750","2.0","7.3","9.3","2.0","3.0","0.3","2.0","1.7","20.3","/players/t/tatumja01.html"
"341","325","Jeff Teague","PG","31","MIN","3","3","29.3","3.7","6.7",".550","0.3","2.0",".167","3.3","4.7",".714",".575","5.3","6.0",".889","0.0","2.0","2.0","5.7","1.3","0.0","1.7","2.0","13.0","/players/t/teaguje01.html"
"342","326","Garrett Temple","SG","33","BRK","3","0","18.0","1.7","4.7",".357","0.7","2.7",".250","1.0","2.0",".500",".429","1.0","1.0","1.000","0.3","0.7","1.0","1.0","1.7","0.3","1.0","1.0","5.0","/players/t/templga01.html"
"343","327","Daniel Theis","C","27","BOS","2","1","12.5","0.0","4.0",".000","0.0","1.0",".000","0.0","3.0",".000",".000","2.0","3.0",".667","2.0","1.5","3.5","0.5","0.0","1.5","0.0","2.0","2.0","/players/t/theisda01.html"
"344","328","Isaiah Thomas","PG","30","WAS","1","0","20.0","6.0","14.0",".429","4.0","10.0",".400","2.0","4.0",".500",".571","0.0","0.0","","0.0","3.0","3.0","5.0","0.0","0.0","2.0","2.0","16.0","/players/t/thomais02.html"
"345","329","Matt Thomas","SG","25","TOR","1","0","20.0","2.0","3.0",".667","2.0","3.0",".667","0.0","0.0","","1.000","0.0","0.0","","0.0","3.0","3.0","0.0","1.0","0.0","1.0","2.0","6.0","/players/t/thomama02.html"
"346","330","Tristan Thompson","C","28","CLE","2","2","34.0","9.5","13.5",".704","0.5","1.0",".500","9.0","12.5",".720",".722","1.0","1.0","1.000","3.5","8.5","12.0","0.5","0.0","2.0","0.5","2.0","20.5","/players/t/thomptr01.html"
"347","331","Matisse Thybulle","SG","22","PHI","2","1","22.5","0.5","4.0",".125","0.5","2.5",".200","0.0","1.5",".000",".188","0.0","0.0","","0.5","1.0","1.5","1.5","2.0","1.0","2.5","2.5","1.5","/players/t/thybuma01.html"
"348","332","Anthony Tolliver","PF","34","POR","3","0","9.3","0.0","1.3",".000","0.0","1.3",".000","0.0","0.0","",".000","0.0","0.0","","0.0","0.7","0.7","0.3","0.0","0.0","0.7","1.0","0.0","/players/t/tollian01.html"
"349","333","Karl-Anthony Towns","C","24","MIN","3","3","33.7","10.7","20.3",".525","5.0","9.7",".517","5.7","10.7",".531",".648","5.7","9.0",".630","2.3","11.0","13.3","5.0","3.0","2.0","2.3","3.0","32.0","/players/t/townska01.html"
"350","334","Gary Trent","SG","21","POR","1","0","2.0","0.0","0.0","","0.0","0.0","","0.0","0.0","","","0.0","0.0","","0.0","0.0","0.0","0.0","0.0","0.0","0.0","0.0","0.0","/players/t/trentga02.html"
"351","335","Allonzo Trier","SG","24","NYK","3","1","17.0","2.0","4.7",".429","1.0","3.0",".333","1.0","1.7",".600",".536","3.0","4.3",".692","0.0","1.3","1.3","1.0","0.3","0.3","2.0","2.7","8.0","/players/t/trieral01.html"
"352","336","P.J. Tucker","PF","34","HOU","2","2","38.5","6.0","9.5",".632","3.5","5.5",".636","2.5","4.0",".625",".816","1.0","1.0","1.000","2.0","4.0","6.0","1.5","1.0","0.5","2.0","4.0","16.5","/players/t/tuckepj01.html"
"353","337","Evan Turner","PG","31","ATL","2","0","14.0","2.0","3.0",".667","0.0","0.5",".000","2.0","2.5",".800",".667","1.0","1.5",".667","0.0","1.5","1.5","2.5","0.5","0.0","0.5","1.0","5.0","/players/t/turneev01.html"
"354","338","Myles Turner","C","23","IND","2","2","39.0","6.0","12.0",".500","3.0","5.5",".545","3.0","6.5",".462",".625","3.0","3.5",".857","1.5","8.5","10.0","0.5","1.0","2.0","3.5","3.0","18.0","/players/t/turnemy01.html"
"355","339","Jonas Valanciunas","C","27","MEM","3","3","18.0","4.0","9.3",".429","1.0","2.3",".429","3.0","7.0",".429",".482","2.0","2.3",".857","1.7","6.7","8.3","1.7","0.7","1.0","1.7","2.3","11.0","/players/v/valanjo01.html"
"356","340","Denzel Valentine","SG","26","CHI","1","0","5.0","1.0","4.0",".250","1.0","2.0",".500","0.0","2.0",".000",".375","0.0","0.0","","1.0","0.0","1.0","0.0","0.0","0.0","0.0","0.0","3.0","/players/v/valende01.html"
"358","341","Fred VanVleet","SG","25","TOR","3","3","39.0","6.3","14.3",".442","3.3","6.7",".500","3.0","7.7",".391",".558","3.3","3.7",".909","0.3","4.3","4.7","6.3","1.3","0.3","3.0","2.3","19.3","/players/v/vanvlfr01.html"
"359","342","Noah Vonleh","C","24","MIN","3","0","14.0","2.3","3.0",".778","0.0","0.7",".000","2.3","2.3","1.000",".778","1.0","1.0","1.000","1.0","3.0","4.0","0.7","1.0","0.0","0.7","1.3","5.7","/players/v/vonleno01.html"
"360","343","Nikola Vucevic","C","29","ORL","2","2","32.5","7.5","17.5",".429","0.5","4.5",".111","7.0","13.0",".538",".443","3.0","3.5",".857","2.5","7.0","9.5","2.0","1.0","0.5","1.5","1.5","18.5","/players/v/vucevni01.html"
"361","344","Moritz Wagner","C","22","WAS","3","0","17.0","4.0","6.3",".632","1.7","3.0",".556","2.3","3.3",".700",".763","1.0","1.3",".750","1.0","3.3","4.3","0.3","0.0","1.3","4.0","3.7","10.7","/players/w/wagnemo01.html"
"362","345","Kemba Walker","PG","29","BOS","3","3","33.7","7.7","19.0",".404","3.3","8.7",".385","4.3","10.3",".419",".491","3.3","4.0",".833","2.7","1.7","4.3","2.7","1.3","0.7","1.7","3.0","22.0","/players/w/walkeke02.html"
"363","346","Lonnie Walker","SG","21","SAS","1","0","5.0","1.0","1.0","1.000","0.0","0.0","","1.0","1.0","1.000","1.000","0.0","0.0","","0.0","2.0","2.0","0.0","0.0","0.0","0.0","1.0","2.0","/players/w/walkelo01.html"
"364","347","Taurean Waller-Prince","SF","25","BRK","3","3","35.0","4.3","11.0",".394","2.3","6.3",".368","2.0","4.7",".429",".500","1.7","2.7",".625","1.3","6.3","7.7","1.3","0.7","0.7","2.3","2.0","12.7","/players/p/princta02.html"
"365","348","Brad Wanamaker","PG","30","BOS","3","0","6.3","0.7","2.0",".333","0.0","0.3",".000","0.7","1.7",".400",".333","0.7","0.7","1.000","0.3","1.0","1.3","0.7","0.3","0.3","0.3","0.7","2.0","/players/w/wanambr01.html"
"366","349","T.J. Warren","SF","26","IND","2","2","35.0","5.5","13.5",".407","0.0","3.0",".000","5.5","10.5",".524",".407","0.0","1.0",".000","0.5","1.0","1.5","0.0","0.0","0.5","1.5","3.0","11.0","/players/w/warretj01.html"
"367","350","PJ Washington","PF","21","CHO","3","3","34.3","5.0","10.7",".469","3.0","5.7",".529","2.0","5.0",".400",".609","2.0","2.7",".750","1.0","5.7","6.7","0.7","1.0","1.0","3.3","2.7","15.0","/players/w/washipj01.html"
"368","351","Russell Westbrook","PG","31","HOU","2","2","33.0","8.0","17.0",".471","2.0","5.0",".400","6.0","12.0",".500",".529","8.0","10.5",".762","2.0","11.0","13.0","10.0","1.5","0.5","3.5","3.0","26.0","/players/w/westbru01.html"
"369","352","Coby White","PG","19","CHI","3","0","26.7","6.3","14.3",".442","1.7","5.3",".313","4.7","9.0",".519",".500","2.3","3.0",".778","0.0","5.0","5.0","3.3","0.7","0.0","1.3","1.7","16.7","/players/w/whiteco01.html"
"370","353","Derrick White","PG","25","SAS","2","0","21.0","3.5","6.0",".583","1.0","1.5",".667","2.5","4.5",".556",".667","1.5","2.5",".600","0.5","1.0","1.5","1.5","0.0","0.5","1.0","3.0","9.5","/players/w/whitede01.html"
"371","354","Hassan Whiteside","C","30","POR","3","3","26.0","5.7","7.0",".810","0.0","0.0","","5.7","7.0",".810",".810","3.3","4.0",".833","3.0","11.0","14.0","1.0","0.3","1.3","3.0","4.0","14.7","/players/w/whiteha01.html"
"372","355","Andrew Wiggins","SF","24","MIN","3","3","34.7","8.3","19.3",".431","1.3","5.7",".235","7.0","13.7",".512",".466","2.7","3.7",".727","2.7","3.3","6.0","0.7","0.3","0.3","1.7","2.7","20.7","/players/w/wiggian01.html"
"373","356","Grant Williams","PF","21","BOS","3","0","16.0","1.7","4.7",".357","0.0","1.3",".000","1.7","3.3",".500",".357","0.3","1.0",".333","2.3","0.7","3.0","1.7","1.3","0.7","0.3","2.3","3.7","/players/w/willigr01.html"
"374","357","Kenrich Williams","PF","25","NOP","3","0","24.0","1.3","4.3",".308","0.7","2.3",".286","0.7","2.0",".333",".385","1.3","1.7",".800","2.0","3.7","5.7","2.3","1.0","0.7","0.7","3.7","4.7","/players/w/willike04.html"
"375","358","Lou Williams","SG","33","LAC","3","0","31.7","6.7","14.0",".476","1.7","4.7",".357","5.0","9.3",".536",".536","7.0","8.0",".875","0.3","3.0","3.3","5.7","0.7","0.0","2.3","1.0","22.0","/players/w/willilo02.html"
"376","359","Marvin Williams","PF","33","CHO","3","0","15.3","2.7","5.7",".471","2.0","3.7",".545","0.7","2.0",".333",".647","0.0","0.0","","0.3","1.3","1.7","0.3","0.3","0.0","0.7","1.7","7.3","/players/w/willima02.html"
"377","360","Robert Williams","C","22","BOS","3","1","15.7","2.3","3.3",".700","0.0","0.0","","2.3","3.3",".700",".700","0.3","0.7",".500","1.7","3.7","5.3","1.7","1.7","1.0","0.7","3.7","5.0","/players/w/williro04.html"
"379","361","Nigel Williams-Goss","PG","25","UTA","2","0","2.5","0.0","0.5",".000","0.0","0.5",".000","0.0","0.0","",".000","0.0","0.0","","0.0","0.0","0.0","0.5","0.0","0.0","0.0","0.5","0.0","/players/w/willini01.html"
"380","362","Justise Winslow","SF","23","MIA","3","3","40.0","7.3","18.0",".407","1.0","2.3",".429","6.3","15.7",".404",".435","3.3","5.7",".588","2.3","7.0","9.3","6.7","1.0","1.0","3.3","3.3","19.0","/players/w/winslju01.html"
"381","363","Christian Wood","PF","24","DET","2","0","11.5","2.0","3.0",".667","0.5","1.5",".333","1.5","1.5","1.000",".750","1.0","2.0",".500","1.0","1.5","2.5","0.0","0.0","0.0","1.0","0.5","5.5","/players/w/woodch01.html"
"382","364","Delon Wright","SG","27","DAL","3","2","25.3","4.0","6.0",".667","1.0","1.3",".750","3.0","4.7",".643",".750","2.0","2.0","1.000","0.7","3.7","4.3","3.7","2.0","0.0","0.7","1.7","11.0","/players/w/wrighde01.html"
"383","365","Thaddeus Young","PF","31","CHI","3","0","21.0","4.0","8.0",".500","1.7","4.0",".417","2.3","4.0",".583",".604","0.0","0.0","","0.3","1.3","1.7","2.0","0.7","0.0","1.7","0.7","9.7","/players/y/youngth01.html"
"384","366","Trae Young","PG","21","ATL","2","2","36.5","13.5","23.0",".587","5.5","10.0",".550","8.0","13.0",".615",".707","6.0","8.0",".750","0.0","7.0","7.0","9.0","1.5","0.0","5.5","1.0","38.5","/players/y/youngtr01.html"
"385","367","Cody Zeller","C","27","CHO","2","2","32.0","7.5","12.0",".625","0.5","2.5",".200","7.0","9.5",".737",".646","1.5","2.0",".750","5.5","7.5","13.0","1.0","1.5","1.5","0.5","3.5","17.0","/players/z/zelleco01.html"
"386","368","Ivica Zubac","C","22","LAC","3","3","14.3","3.0","4.3",".692","0.0","0.0","","3.0","4.3",".692",".692","4.3","5.0",".867","1.3","4.0","5.3","0.3","0.0","1.0","0.7","2.3","10.3","/players/z/zubaciv01.html"
