PG,PG,SG,SG,SF,SF,PF,PF,C
33983-82744:Shaquille Harrison,33983-9673:Goran Dragic,33983-14528:Jimmy Butler,33983-9585:Dwyane Wade,33983-55058:Bruno Caboclo,33983-9655:J.J. Redick,33983-9560:Blake Griffin,33983-9966:James Johnson,33983-14514:Nikola Vucevic
33983-66115:Ben Simmons,33983-9673:Goran Dragic,33983-14528:Jimmy Butler,33983-9585:Dwyane Wade,33983-14530:Bojan Bogdanovic,33983-9655:J.J. Redick,33983-14518:Tobias Harris,33983-9957:Serge Ibaka,33983-84709:Mitchell Robinson
33983-82744:Shaquille Harrison,33983-9673:Goran Dragic,33983-14528:Jimmy Butler,33983-9585:Dwyane Wade,33983-14530:Bojan Bogdanovic,33983-9655:J.J. Redick,33983-80817:Bam Adebayo,33983-9957:Serge Ibaka,33983-14514:Nikola Vucevic
33983-24247:Fred VanVleet,33983-9673:Goran Dragic,33983-14528:Jimmy Butler,33983-9585:Dwyane Wade,33983-14530:Bojan Bogdanovic,33983-9655:J.J. Redick,33983-9560:Blake Griffin,33983-23447:Richaun Holmes,33983-14514:Nikola Vucevic
33983-66115:Ben Simmons,33983-9673:Goran Dragic,33983-14528:Jimmy Butler,33983-9585:Dwyane Wade,33983-9655:J.J. Redick,33983-16293:Norman Powell,33983-14518:Tobias Harris,33983-9966:James Johnson,33983-14514:Nikola Vucevic
33983-9673:Goran Dragic,33983-23740:Ryan Arcidiacono,33983-14528:Jimmy Butler,33983-9585:Dwyane Wade,33983-84670:Mikal Bridges,33983-9655:J.J. Redick,33983-9560:Blake Griffin,33983-14518:Tobias Harris,33983-14514:Nikola Vucevic
33983-82744:Shaquille Harrison,33983-9673:Goran Dragic,33983-14528:Jimmy Butler,33983-9585:Dwyane Wade,33983-9655:J.J. Redick,33983-66968:Derrick Jones,33983-60021:Pascal Siakam,33983-14518:Tobias Harris,33983-14514:Nikola Vucevic
33983-66115:Ben Simmons,33983-9673:Goran Dragic,33983-14528:Jimmy Butler,33983-9585:Dwyane Wade,33983-55058:Bruno Caboclo,33983-9655:J.J. Redick,33983-9957:Serge Ibaka,33983-23447:Richaun Holmes,33983-14514:Nikola Vucevic
33983-24247:Fred VanVleet,33983-9673:Goran Dragic,33983-14528:Jimmy Butler,33983-9585:Dwyane Wade,33983-14530:Bojan Bogdanovic,33983-55058:Bruno Caboclo,33983-14518:Tobias Harris,33983-9957:Serge Ibaka,33983-14514:Nikola Vucevic
33983-82744:Shaquille Harrison,33983-9673:Goran Dragic,33983-14528:Jimmy Butler,33983-9585:Dwyane Wade,33983-55058:Bruno Caboclo,33983-16293:Norman Powell,33983-80817:Bam Adebayo,33983-14518:Tobias Harris,33983-14514:Nikola Vucevic
33983-66115:Ben Simmons,33983-9673:Goran Dragic,33983-14528:Jimmy Butler,33983-9585:Dwyane Wade,33983-66968:Derrick Jones,33983-16293:Norman Powell,33983-9560:Blake Griffin,33983-14518:Tobias Harris,33983-84709:Mitchell Robinson
33983-9535:Kyle Lowry,33983-9673:Goran Dragic,33983-14528:Jimmy Butler,33983-9585:Dwyane Wade,33983-9655:J.J. Redick,33983-16293:Norman Powell,33983-9560:Blake Griffin,33983-9957:Serge Ibaka,33983-14514:Nikola Vucevic
33983-9673:Goran Dragic,33983-23740:Ryan Arcidiacono,33983-14528:Jimmy Butler,33983-9585:Dwyane Wade,33983-55058:Bruno Caboclo,33983-9655:J.J. Redick,33983-60021:Pascal Siakam,33983-80817:Bam Adebayo,33983-14514:Nikola Vucevic
33983-82744:Shaquille Harrison,33983-9673:Goran Dragic,33983-9585:Dwyane Wade,33983-16220:Dion Waiters,33983-14530:Bojan Bogdanovic,33983-9655:J.J. Redick,33983-9560:Blake Griffin,33983-14518:Tobias Harris,33983-14514:Nikola Vucevic
33983-9535:Kyle Lowry,33983-9673:Goran Dragic,33983-14528:Jimmy Butler,33983-9585:Dwyane Wade,33983-14530:Bojan Bogdanovic,33983-66968:Derrick Jones,33983-9560:Blake Griffin,33983-9966:James Johnson,33983-14514:Nikola Vucevic
33983-66115:Ben Simmons,33983-9673:Goran Dragic,33983-14528:Jimmy Butler,33983-9585:Dwyane Wade,33983-14530:Bojan Bogdanovic,33983-9655:J.J. Redick,33983-80809:Josh Jackson,33983-58574:Jonah Bolden,33983-14514:Nikola Vucevic
33983-82744:Shaquille Harrison,33983-9673:Goran Dragic,33983-14528:Jimmy Butler,33983-16220:Dion Waiters,33983-9655:J.J. Redick,33983-16293:Norman Powell,33983-9560:Blake Griffin,33983-80817:Bam Adebayo,33983-14514:Nikola Vucevic
33983-24247:Fred VanVleet,33983-9673:Goran Dragic,33983-14528:Jimmy Butler,33983-9585:Dwyane Wade,33983-55058:Bruno Caboclo,33983-9655:J.J. Redick,33983-9560:Blake Griffin,33983-60021:Pascal Siakam,33983-84709:Mitchell Robinson
33983-66115:Ben Simmons,33983-9673:Goran Dragic,33983-14528:Jimmy Butler,33983-9585:Dwyane Wade,33983-66968:Derrick Jones,33983-16293:Norman Powell,33983-80817:Bam Adebayo,33983-9957:Serge Ibaka,33983-14514:Nikola Vucevic
33983-24247:Fred VanVleet,33983-9673:Goran Dragic,33983-14528:Jimmy Butler,33983-16220:Dion Waiters,33983-14530:Bojan Bogdanovic,33983-9655:J.J. Redick,33983-80817:Bam Adebayo,33983-14518:Tobias Harris,33983-14514:Nikola Vucevic
33983-66115:Ben Simmons,33983-9673:Goran Dragic,33983-14528:Jimmy Butler,33983-9585:Dwyane Wade,33983-55058:Bruno Caboclo,33983-66968:Derrick Jones,33983-14518:Tobias Harris,33983-58574:Jonah Bolden,33983-14514:Nikola Vucevic
33983-66115:Ben Simmons,33983-9673:Goran Dragic,33983-14528:Jimmy Butler,33983-23096:Evan Fournier,33983-14530:Bojan Bogdanovic,33983-9655:J.J. Redick,33983-9957:Serge Ibaka,33983-9966:James Johnson,33983-14514:Nikola Vucevic
33983-82744:Shaquille Harrison,33983-9673:Goran Dragic,33983-14528:Jimmy Butler,33983-9585:Dwyane Wade,33983-14530:Bojan Bogdanovic,33983-16293:Norman Powell,33983-9560:Blake Griffin,33983-60021:Pascal Siakam,33983-84709:Mitchell Robinson
33983-66115:Ben Simmons,33983-9673:Goran Dragic,33983-14528:Jimmy Butler,33983-16220:Dion Waiters,33983-14530:Bojan Bogdanovic,33983-16293:Norman Powell,33983-80817:Bam Adebayo,33983-9966:James Johnson,33983-14514:Nikola Vucevic
33983-66115:Ben Simmons,33983-9673:Goran Dragic,33983-14528:Jimmy Butler,33983-16220:Dion Waiters,33983-9655:J.J. Redick,33983-66968:Derrick Jones,33983-14518:Tobias Harris,33983-9957:Serge Ibaka,33983-14514:Nikola Vucevic
33983-9535:Kyle Lowry,33983-9673:Goran Dragic,33983-14528:Jimmy Butler,33983-9585:Dwyane Wade,33983-55058:Bruno Caboclo,33983-9655:J.J. Redick,33983-14518:Tobias Harris,33983-80809:Josh Jackson,33983-14514:Nikola Vucevic
33983-66115:Ben Simmons,33983-9673:Goran Dragic,33983-14528:Jimmy Butler,33983-9585:Dwyane Wade,33983-14530:Bojan Bogdanovic,33983-55058:Bruno Caboclo,33983-80817:Bam Adebayo,33983-9966:James Johnson,33983-84709:Mitchell Robinson
33983-24247:Fred VanVleet,33983-9673:Goran Dragic,33983-14528:Jimmy Butler,33983-16220:Dion Waiters,33983-55058:Bruno Caboclo,33983-16293:Norman Powell,33983-9560:Blake Griffin,33983-14518:Tobias Harris,33983-14514:Nikola Vucevic
33983-66115:Ben Simmons,33983-9673:Goran Dragic,33983-14528:Jimmy Butler,33983-16220:Dion Waiters,33983-55058:Bruno Caboclo,33983-9655:J.J. Redick,33983-80817:Bam Adebayo,33983-58574:Jonah Bolden,33983-14514:Nikola Vucevic
33983-24247:Fred VanVleet,33983-9673:Goran Dragic,33983-14528:Jimmy Butler,33983-23096:Evan Fournier,33983-55058:Bruno Caboclo,33983-9655:J.J. Redick,33983-9560:Blake Griffin,33983-9957:Serge Ibaka,33983-14514:Nikola Vucevic
33983-9575:Mike Conley,33983-9673:Goran Dragic,33983-14528:Jimmy Butler,33983-9585:Dwyane Wade,33983-9655:J.J. Redick,33983-66968:Derrick Jones,33983-9560:Blake Griffin,33983-58574:Jonah Bolden,33983-14514:Nikola Vucevic
33983-66115:Ben Simmons,33983-9673:Goran Dragic,33983-14528:Jimmy Butler,33983-9585:Dwyane Wade,33983-80811:Jonathan Isaac,33983-9655:J.J. Redick,33983-9560:Blake Griffin,33983-9966:James Johnson,33983-84709:Mitchell Robinson
33983-9575:Mike Conley,33983-9673:Goran Dragic,33983-14528:Jimmy Butler,33983-9585:Dwyane Wade,33983-84670:Mikal Bridges,33983-9655:J.J. Redick,33983-80817:Bam Adebayo,33983-9966:James Johnson,33983-14514:Nikola Vucevic
33983-9673:Goran Dragic,33983-23740:Ryan Arcidiacono,33983-14528:Jimmy Butler,33983-9585:Dwyane Wade,33983-14530:Bojan Bogdanovic,33983-9655:J.J. Redick,33983-9560:Blake Griffin,33983-9957:Serge Ibaka,33983-15557:Andre Drummond
33983-82744:Shaquille Harrison,33983-9673:Goran Dragic,33983-14528:Jimmy Butler,33983-9585:Dwyane Wade,33983-14530:Bojan Bogdanovic,33983-84670:Mikal Bridges,33983-14518:Tobias Harris,33983-80809:Josh Jackson,33983-14514:Nikola Vucevic
33983-9575:Mike Conley,33983-9673:Goran Dragic,33983-14528:Jimmy Butler,33983-9585:Dwyane Wade,33983-14530:Bojan Bogdanovic,33983-16293:Norman Powell,33983-14518:Tobias Harris,33983-23447:Richaun Holmes,33983-14514:Nikola Vucevic
33983-58081:Tyus Jones,33983-9673:Goran Dragic,33983-14528:Jimmy Butler,33983-9585:Dwyane Wade,33983-14530:Bojan Bogdanovic,33983-9655:J.J. Redick,33983-60021:Pascal Siakam,33983-9966:James Johnson,33983-14514:Nikola Vucevic
33983-82744:Shaquille Harrison,33983-9673:Goran Dragic,33983-14528:Jimmy Butler,33983-9585:Dwyane Wade,33983-55058:Bruno Caboclo,33983-84674:Kevin Knox,33983-60021:Pascal Siakam,33983-9957:Serge Ibaka,33983-14514:Nikola Vucevic
33983-66115:Ben Simmons,33983-9673:Goran Dragic,33983-14528:Jimmy Butler,33983-9585:Dwyane Wade,33983-9655:J.J. Redick,33983-66968:Derrick Jones,33983-14518:Tobias Harris,33983-23447:Richaun Holmes,33983-15557:Andre Drummond
33983-9535:Kyle Lowry,33983-9673:Goran Dragic,33983-14528:Jimmy Butler,33983-9585:Dwyane Wade,33983-14530:Bojan Bogdanovic,33983-9655:J.J. Redick,33983-60021:Pascal Siakam,33983-80817:Bam Adebayo,33983-84709:Mitchell Robinson
